{
  "api_version": "V1.0.11-0.0.30",
  "time_stamp": 1658433296,
  "data_time_stamp": 1658433249,
  "sensor": {
    "sensor_index": 12178,
    "last_modified": 1646418349,
    "date_created": 1529871217,
    "last_seen": 1658433179,
    "private": 0,
    "is_owner": 0,
    "name": "KSC 15",
    "icon": 0,
    "location_type": 0,
    "model": "PA-II",
    "hardware": "2.0+BME280+PMSX003-B+PMSX003-A",
    "led_brightness": 35,
    "firmware_version": "7.00",
    "rssi": -55,
    "uptime": 18875,
    "pa_latency": 595,
    "memory": 15560,
    "position_rating": 3,
    "latitude": 42.899563,
    "longitude": -71.46465,
    "altitude": 301,
    "channel_state": 3,
    "channel_flags": 0,
    "channel_flags_manual": 0,
    "channel_flags_auto": 0,
    "confidence": 100,
    "confidence_auto": 100,
    "confidence_manual": 100,
    "humidity": 39,
    "humidity_a": 39,
    "temperature": 96,
    "temperature_a": 96,
    "pressure": 996.2,
    "pressure_a": 996.2,
    "analog_input": 0.01,
    "pm1.0": 14.0,
    "pm1.0_a": 14.2,
    "pm1.0_b": 13.9,
    "pm2.5": 19.2,
    "pm2.5_a": 19.8,
    "pm2.5_b": 18.7,
    "pm2.5_alt": 11.8,
    "pm2.5_alt_a": 12.3,
    "pm2.5_alt_b": 11.2,
    "pm10.0": 19.7,
    "pm10.0_a": 20.1,
    "pm10.0_b": 19.4,
    "scattering_coefficient": 37.4,
    "scattering_coefficient_a": 37.8,
    "scattering_coefficient_b": 37.0,
    "deciviews": 17.0,
    "deciviews_a": 17.1,
    "deciviews_b": 16.9,
    "visual_range": 71.0,
    "visual_range_a": 70.4,
    "visual_range_b": 71.6,
    "0.3_um_count": 2495,
    "0.3_um_count_a": 2522,
    "0.3_um_count_b": 2469,
    "0.5_um_count": 723,
    "0.5_um_count_a": 722,
    "0.5_um_count_b": 725,
    "1.0_um_count": 111,
    "1.0_um_count_a": 119,
    "1.0_um_count_b": 104,
    "2.5_um_count": 3,
    "2.5_um_count_a": 2,
    "2.5_um_count_b": 4,
    "5.0_um_count": 0,
    "5.0_um_count_a": 0,
    "5.0_um_count_b": 0,
    "10.0_um_count": 0,
    "10.0_um_count_a": 0,
    "10.0_um_count_b": 0,
    "pm1.0_cf_1": 14.0,
    "pm1.0_cf_1_a": 14.16,
    "pm1.0_cf_1_b": 13.93,
    "pm1.0_atm": 14.0,
    "pm1.0_atm_a": 14.16,
    "pm1.0_atm_b": 13.93,
    "pm2.5_atm": 19.2,
    "pm2.5_atm_a": 19.8,
    "pm2.5_atm_b": 18.67,
    "pm2.5_cf_1": 19.2,
    "pm2.5_cf_1_a": 19.8,
    "pm2.5_cf_1_b": 18.67,
    "pm10.0_atm": 19.7,
    "pm10.0_atm_a": 20.07,
    "pm10.0_atm_b": 19.38,
    "pm10.0_cf_1": 19.7,
    "pm10.0_cf_1_a": 20.07,
    "pm10.0_cf_1_b": 19.38,
    "primary_id_a": 525653,
    "primary_key_a": "VPDZP5WG0SQGSDX0",
    "primary_id_b": 525655,
    "primary_key_b": "VJGV9IZ0F1OHEIEB",
    "secondary_id_a": 525654,
    "secondary_key_a": "GNDSMFH6NS1FMBFA",
    "secondary_id_b": 525656,
    "secondary_key_b": "7LLEFFL3HDN6WB6U",
    "stats": {
      "pm2.5": 19.2,
      "pm2.5_10minute": 18.5,
      "pm2.5_30minute": 18.2,
      "pm2.5_60minute": 19.2,
      "pm2.5_6hour": 21.8,
      "pm2.5_24hour": 17.8,
      "pm2.5_1week": 10.0,
      "time_stamp": 1658433179
    },
    "stats_a": {
      "pm2.5": 19.8,
      "pm2.5_10minute": 18.7,
      "pm2.5_30minute": 18.4,
      "pm2.5_60minute": 19.4,
      "pm2.5_6hour": 22.2,
      "pm2.5_24hour": 18.2,
      "pm2.5_1week": 10.2,
      "time_stamp": 1658433179
    },
    "stats_b": {
      "pm2.5": 18.7,
      "pm2.5_10minute": 18.3,
      "pm2.5_30minute": 17.9,
      "pm2.5_60minute": 18.9,
      "pm2.5_6hour": 21.5,
      "pm2.5_24hour": 17.5,
      "pm2.5_1week": 9.7,
      "time_stamp": 1658433179
    }
  }
}