{
  "api_version": "V1.0.11-0.0.30",
  "time_stamp": 1658433295,
  "data_time_stamp": 1658433249,
  "sensor": {
    "sensor_index": 12212,
    "last_modified": 1634735801,
    "date_created": 1529951485,
    "last_seen": 1658433211,
    "private": 0,
    "is_owner": 0,
    "name": "KSC 04",
    "icon": 0,
    "location_type": 0,
    "model": "PA-II",
    "hardware": "2.0+BME280+PMSX003-B+PMSX003-A",
    "led_brightness": 35,
    "firmware_version": "7.00",
    "rssi": -83,
    "uptime": 4016,
    "pa_latency": 1285,
    "memory": 15672,
    "position_rating": 5,
    "latitude": 42.93053,
    "longitude": -72.27235,
    "altitude": 476,
    "channel_state": 3,
    "channel_flags": 0,
    "channel_flags_manual": 0,
    "channel_flags_auto": 0,
    "confidence": 100,
    "confidence_auto": 100,
    "confidence_manual": 100,
    "humidity": 73,
    "humidity_a": 73,
    "temperature": 89,
    "temperature_a": 89,
    "pressure": 986.86,
    "pressure_a": 986.86,
    "analog_input": 0.01,
    "pm1.0": 7.3,
    "pm1.0_a": 7.4,
    "pm1.0_b": 7.3,
    "pm2.5": 10.3,
    "pm2.5_a": 10.5,
    "pm2.5_b": 10.0,
    "pm2.5_alt": 6.5,
    "pm2.5_alt_a": 6.6,
    "pm2.5_alt_b": 6.5,
    "pm10.0": 10.5,
    "pm10.0_a": 10.7,
    "pm10.0_b": 10.2,
    "scattering_coefficient": 21.9,
    "scattering_coefficient_a": 21.8,
    "scattering_coefficient_b": 22.0,
    "deciviews": 12.9,
    "deciviews_a": 12.8,
    "deciviews_b": 12.9,
    "visual_range": 107.5,
    "visual_range_a": 108.0,
    "visual_range_b": 107.0,
    "0.3_um_count": 1460,
    "0.3_um_count_a": 1450,
    "0.3_um_count_b": 1470,
    "0.5_um_count": 415,
    "0.5_um_count_a": 428,
    "0.5_um_count_b": 402,
    "1.0_um_count": 59,
    "1.0_um_count_a": 60,
    "1.0_um_count_b": 59,
    "2.5_um_count": 1,
    "2.5_um_count_a": 2,
    "2.5_um_count_b": 1,
    "5.0_um_count": 0,
    "5.0_um_count_a": 0,
    "5.0_um_count_b": 0,
    "10.0_um_count": 0,
    "10.0_um_count_a": 0,
    "10.0_um_count_b": 0,
    "pm1.0_cf_1": 7.3,
    "pm1.0_cf_1_a": 7.36,
    "pm1.0_cf_1_b": 7.29,
    "pm1.0_atm": 7.3,
    "pm1.0_atm_a": 7.36,
    "pm1.0_atm_b": 7.29,
    "pm2.5_atm": 10.3,
    "pm2.5_atm_a": 10.49,
    "pm2.5_atm_b": 10.05,
    "pm2.5_cf_1": 10.3,
    "pm2.5_cf_1_a": 10.49,
    "pm2.5_cf_1_b": 10.05,
    "pm10.0_atm": 10.5,
    "pm10.0_atm_a": 10.71,
    "pm10.0_atm_b": 10.2,
    "pm10.0_cf_1": 10.5,
    "pm10.0_cf_1_a": 10.71,
    "pm10.0_cf_1_b": 10.2,
    "primary_id_a": 526358,
    "primary_key_a": "TAJN9QCHQWK6OMT1",
    "primary_id_b": 526360,
    "primary_key_b": "7B2GBGJ6NIFI7E8L",
    "secondary_id_a": 526359,
    "secondary_key_a": "E54CQADD7I0XCJJF",
    "secondary_id_b": 526361,
    "secondary_key_b": "37RR158TYR1II8AM",
    "stats": {
      "pm2.5": 10.3,
      "pm2.5_10minute": 10.4,
      "pm2.5_30minute": 14.2,
      "pm2.5_60minute": 18.1,
      "pm2.5_6hour": 21.3,
      "pm2.5_24hour": 17.8,
      "pm2.5_1week": 10.8,
      "time_stamp": 1658433211
    },
    "stats_a": {
      "pm2.5": 10.5,
      "pm2.5_10minute": 10.9,
      "pm2.5_30minute": 14.9,
      "pm2.5_60minute": 19.0,
      "pm2.5_6hour": 22.2,
      "pm2.5_24hour": 18.5,
      "pm2.5_1week": 11.1,
      "time_stamp": 1658433211
    },
    "stats_b": {
      "pm2.5": 10.0,
      "pm2.5_10minute": 10.0,
      "pm2.5_30minute": 13.6,
      "pm2.5_60minute": 17.2,
      "pm2.5_6hour": 20.4,
      "pm2.5_24hour": 17.1,
      "pm2.5_1week": 10.4,
      "time_stamp": 1658433211
    }
  }
}