{
  "api_version": "V1.0.11-0.0.30",
  "time_stamp": 1658433292,
  "data_time_stamp": 1658433251,
  "sensor": {
    "sensor_index": 135984,
    "last_modified": 1635965577,
    "date_created": 1635951988,
    "last_seen": 1658433167,
    "private": 0,
    "is_owner": 0,
    "name": "NH7",
    "icon": 0,
    "location_type": 0,
    "model": "PA-II-SD",
    "hardware": "2.0+OPENLOG+15476 MB+DS3231+BME280+PMSX003-B+PMSX003-A",
    "led_brightness": 35,
    "firmware_version": "7.00",
    "rssi": -76,
    "uptime": 11579,
    "pa_latency": 590,
    "memory": 15440,
    "position_rating": 0,
    "latitude": 43.565853,
    "longitude": -71.49613,
    "altitude": 708,
    "channel_state": 3,
    "channel_flags": 0,
    "channel_flags_manual": 0,
    "channel_flags_auto": 0,
    "confidence": 100,
    "confidence_auto": 100,
    "confidence_manual": 100,
    "humidity": 64,
    "humidity_a": 64,
    "temperature": 85,
    "temperature_a": 85,
    "pressure": 977.56,
    "pressure_a": 977.56,
    "analog_input": 0.0,
    "pm1.0": 4.4,
    "pm1.0_a": 4.9,
    "pm1.0_b": 4.0,
    "pm2.5": 6.8,
    "pm2.5_a": 7.3,
    "pm2.5_b": 6.3,
    "pm2.5_alt": 4.9,
    "pm2.5_alt_a": 5.0,
    "pm2.5_alt_b": 4.8,
    "pm10.0": 7.6,
    "pm10.0_a": 8.6,
    "pm10.0_b": 6.5,
    "scattering_coefficient": 15.9,
    "scattering_coefficient_a": 15.2,
    "scattering_coefficient_b": 16.7,
    "deciviews": 10.7,
    "deciviews_a": 10.4,
    "deciviews_b": 11.0,
    "visual_range": 134.0,
    "visual_range_a": 138.0,
    "visual_range_b": 130.0,
    "0.3_um_count": 1062,
    "0.3_um_count_a": 1014,
    "0.3_um_count_b": 1111,
    "0.5_um_count": 305,
    "0.5_um_count_a": 299,
    "0.5_um_count_b": 311,
    "1.0_um_count": 46,
    "1.0_um_count_a": 50,
    "1.0_um_count_b": 43,
    "2.5_um_count": 1,
    "2.5_um_count_a": 2,
    "2.5_um_count_b": 1,
    "5.0_um_count": 0,
    "5.0_um_count_a": 1,
    "5.0_um_count_b": 0,
    "10.0_um_count": 0,
    "10.0_um_count_a": 1,
    "10.0_um_count_b": 0,
    "pm1.0_cf_1": 4.4,
    "pm1.0_cf_1_a": 4.9,
    "pm1.0_cf_1_b": 3.97,
    "pm1.0_atm": 4.4,
    "pm1.0_atm_a": 4.9,
    "pm1.0_atm_b": 3.97,
    "pm2.5_atm": 6.8,
    "pm2.5_atm_a": 7.34,
    "pm2.5_atm_b": 6.29,
    "pm2.5_cf_1": 6.8,
    "pm2.5_cf_1_a": 7.34,
    "pm2.5_cf_1_b": 6.29,
    "pm10.0_atm": 7.6,
    "pm10.0_atm_a": 8.62,
    "pm10.0_atm_b": 6.5,
    "pm10.0_cf_1": 7.6,
    "pm10.0_cf_1_a": 8.62,
    "pm10.0_cf_1_b": 6.5,
    "primary_id_a": 1558402,
    "primary_key_a": "YLJ3DAMV0E457HSX",
    "primary_id_b": 1558404,
    "primary_key_b": "TPZBXUYZRPIXB432",
    "secondary_id_a": 1558403,
    "secondary_key_a": "ESM0MAK2CP2P0QUF",
    "secondary_id_b": 1558405,
    "secondary_key_b": "8KJ1F5HCCQ53D5M4",
    "stats": {
      "pm2.5": 6.8,
      "pm2.5_10minute": 6.2,
      "pm2.5_30minute": 10.5,
      "pm2.5_60minute": 15.3,
      "pm2.5_6hour": 20.7,
      "pm2.5_24hour": 17.3,
      "pm2.5_1week": 9.9,
      "time_stamp": 1658433167
    },
    "stats_a": {
      "pm2.5": 7.3,
      "pm2.5_10minute": 6.5,
      "pm2.5_30minute": 10.7,
      "pm2.5_60minute": 15.4,
      "pm2.5_6hour": 20.7,
      "pm2.5_24hour": 17.3,
      "pm2.5_1week": 9.9,
      "time_stamp": 1658433167
    },
    "stats_b": {
      "pm2.5": 6.3,
      "pm2.5_10minute": 6.0,
      "pm2.5_30minute": 10.3,
      "pm2.5_60minute": 15.2,
      "pm2.5_6hour": 20.7,
      "pm2.5_24hour": 17.3,
      "pm2.5_1week": 9.8,
      "time_stamp": 1658433167
    }
  }
}