{
  "api_version": "V1.0.11-0.0.30",
  "time_stamp": 1658433289,
  "data_time_stamp": 1658433251,
  "sensor": {
    "sensor_index": 143456,
    "last_modified": 1651934793,
    "date_created": 1643151055,
    "last_seen": 1658433139,
    "private": 0,
    "is_owner": 0,
    "name": "Junder22",
    "icon": 0,
    "location_type": 0,
    "model": "PA-II",
    "hardware": "2.0+BME280+PMSX003-B+PMSX003-A",
    "led_brightness": 35,
    "firmware_version": "7.00",
    "rssi": -79,
    "uptime": 9113,
    "pa_latency": 531,
    "memory": 15672,
    "position_rating": 5,
    "latitude": 43.08963,
    "longitude": -71.50244,
    "altitude": 619,
    "channel_state": 3,
    "channel_flags": 0,
    "channel_flags_manual": 0,
    "channel_flags_auto": 0,
    "confidence": 100,
    "confidence_auto": 100,
    "confidence_manual": 100,
    "humidity": 51,
    "humidity_a": 51,
    "temperature": 91,
    "temperature_a": 91,
    "pressure": 981.63,
    "pressure_a": 981.63,
    "analog_input": 0.01,
    "pm1.0": 11.9,
    "pm1.0_a": 12.2,
    "pm1.0_b": 11.6,
    "pm2.5": 16.3,
    "pm2.5_a": 15.6,
    "pm2.5_b": 17.0,
    "pm2.5_alt": 10.1,
    "pm2.5_alt_a": 10.0,
    "pm2.5_alt_b": 10.3,
    "pm10.0": 17.0,
    "pm10.0_a": 16.4,
    "pm10.0_b": 17.6,
    "scattering_coefficient": 31.4,
    "scattering_coefficient_a": 31.5,
    "scattering_coefficient_b": 31.3,
    "deciviews": 15.6,
    "deciviews_a": 15.7,
    "deciviews_b": 15.6,
    "visual_range": 81.7,
    "visual_range_a": 81.5,
    "visual_range_b": 81.9,
    "0.3_um_count": 2095,
    "0.3_um_count_a": 2102,
    "0.3_um_count_b": 2089,
    "0.5_um_count": 598,
    "0.5_um_count_a": 592,
    "0.5_um_count_b": 604,
    "1.0_um_count": 99,
    "1.0_um_count_a": 96,
    "1.0_um_count_b": 103,
    "2.5_um_count": 3,
    "2.5_um_count_a": 2,
    "2.5_um_count_b": 4,
    "5.0_um_count": 0,
    "5.0_um_count_a": 0,
    "5.0_um_count_b": 0,
    "10.0_um_count": 0,
    "10.0_um_count_a": 0,
    "10.0_um_count_b": 0,
    "pm1.0_cf_1": 11.9,
    "pm1.0_cf_1_a": 12.17,
    "pm1.0_cf_1_b": 11.64,
    "pm1.0_atm": 11.9,
    "pm1.0_atm_a": 12.17,
    "pm1.0_atm_b": 11.64,
    "pm2.5_atm": 16.3,
    "pm2.5_atm_a": 15.65,
    "pm2.5_atm_b": 17.05,
    "pm2.5_cf_1": 16.3,
    "pm2.5_cf_1_a": 15.65,
    "pm2.5_cf_1_b": 17.05,
    "pm10.0_atm": 17.0,
    "pm10.0_atm_a": 16.39,
    "pm10.0_atm_b": 17.62,
    "pm10.0_cf_1": 17.0,
    "pm10.0_cf_1_a": 16.39,
    "pm10.0_cf_1_b": 17.62,
    "primary_id_a": 1640321,
    "primary_key_a": "DUQ1DHALIEN6DQPZ",
    "primary_id_b": 1640325,
    "primary_key_b": "6S4L2IFWG5GLNKG5",
    "secondary_id_a": 1640323,
    "secondary_key_a": "SJBIKJUCN4Z46AL6",
    "secondary_id_b": 1640326,
    "secondary_key_b": "GEK1ZZUK8JCHMIDW",
    "stats": {
      "pm2.5": 16.3,
      "pm2.5_10minute": 16.9,
      "pm2.5_30minute": 17.3,
      "pm2.5_60minute": 19.0,
      "pm2.5_6hour": 21.2,
      "pm2.5_24hour": 17.2,
      "pm2.5_1week": 9.4,
      "time_stamp": 1658433139
    },
    "stats_a": {
      "pm2.5": 15.6,
      "pm2.5_10minute": 15.8,
      "pm2.5_30minute": 16.1,
      "pm2.5_60minute": 17.8,
      "pm2.5_6hour": 20.1,
      "pm2.5_24hour": 16.3,
      "pm2.5_1week": 8.9,
      "time_stamp": 1658433139
    },
    "stats_b": {
      "pm2.5": 17.0,
      "pm2.5_10minute": 18.0,
      "pm2.5_30minute": 18.5,
      "pm2.5_60minute": 20.2,
      "pm2.5_6hour": 22.2,
      "pm2.5_24hour": 18.0,
      "pm2.5_1week": 9.9,
      "time_stamp": 1658433139
    }
  }
}