{
  "api_version": "V1.0.11-0.0.30",
  "time_stamp": 1658433288,
  "data_time_stamp": 1658433240,
  "sensor": {
    "sensor_index": 151708,
    "last_modified": 1657734651,
    "date_created": 1656505783,
    "last_seen": 1658433233,
    "private": 0,
    "is_owner": 0,
    "name": "12 Noyes Street, Concord, NH",
    "icon": 0,
    "location_type": 0,
    "model": "PA-II-SD",
    "hardware": "2.0+OPENLOG+31037 MB+DS3231+BME280+BME680+PMSX003-B+PMSX003-A",
    "led_brightness": 35,
    "firmware_version": "7.00",
    "rssi": -74,
    "uptime": 14801,
    "pa_latency": 282,
    "memory": 15072,
    "position_rating": 5,
    "latitude": 43.192043,
    "longitude": -71.54158,
    "altitude": 291,
    "channel_state": 3,
    "channel_flags": 0,
    "channel_flags_manual": 0,
    "channel_flags_auto": 0,
    "confidence": 100,
    "confidence_auto": 100,
    "confidence_manual": 100,
    "humidity": 47,
    "humidity_a": 48,
    "humidity_b": 47,
    "temperature": 93,
    "temperature_a": 93,
    "temperature_b": 94,
    "pressure": 991.77,
    "pressure_a": 991.47,
    "pressure_b": 992.07,
    "voc": 37.9,
    "voc_b": 37.9,
    "analog_input": 0.0,
    "pm1.0": 7.5,
    "pm1.0_a": 7.6,
    "pm1.0_b": 7.4,
    "pm2.5": 17.4,
    "pm2.5_a": 17.6,
    "pm2.5_b": 17.3,
    "pm2.5_alt": 8.1,
    "pm2.5_alt_a": 8.0,
    "pm2.5_alt_b": 8.2,
    "pm10.0": 18.2,
    "pm10.0_a": 18.0,
    "pm10.0_b": 18.4,
    "0.3_um_count": 703,
    "0.3_um_count_a": 745,
    "0.3_um_count_b": 661,
    "0.5_um_count": 609,
    "0.5_um_count_a": 604,
    "0.5_um_count_b": 615,
    "1.0_um_count": 81,
    "1.0_um_count_a": 80,
    "1.0_um_count_b": 83,
    "2.5_um_count": 0,
    "2.5_um_count_a": 0,
    "2.5_um_count_b": 0,
    "5.0_um_count": 0,
    "5.0_um_count_a": 0,
    "5.0_um_count_b": 0,
    "10.0_um_count": 0,
    "10.0_um_count_a": 0,
    "10.0_um_count_b": 0,
    "pm1.0_cf_1": 7.5,
    "pm1.0_cf_1_a": 7.58,
    "pm1.0_cf_1_b": 7.37,
    "pm1.0_atm": 7.5,
    "pm1.0_atm_a": 7.58,
    "pm1.0_atm_b": 7.37,
    "pm2.5_atm": 17.4,
    "pm2.5_atm_a": 17.56,
    "pm2.5_atm_b": 17.28,
    "pm2.5_cf_1": 17.4,
    "pm2.5_cf_1_a": 17.56,
    "pm2.5_cf_1_b": 17.28,
    "pm10.0_atm": 18.2,
    "pm10.0_atm_a": 18.02,
    "pm10.0_atm_b": 18.35,
    "pm10.0_cf_1": 18.2,
    "pm10.0_cf_1_a": 18.02,
    "pm10.0_cf_1_b": 18.35,
    "primary_id_a": 1784473,
    "primary_key_a": "RECLPTF41NFVAGZS",
    "primary_id_b": 1784475,
    "primary_key_b": "F5P8XN29WYFV4N87",
    "secondary_id_a": 1784474,
    "secondary_key_a": "SX1Z89WJKRZTSAKK",
    "secondary_id_b": 1784476,
    "secondary_key_b": "7LDKL9Q9YP56VMU9",
    "stats": {
      "pm2.5": 17.4,
      "pm2.5_10minute": 18.0,
      "pm2.5_30minute": 18.2,
      "pm2.5_60minute": 19.8,
      "pm2.5_6hour": 21.8,
      "pm2.5_24hour": 17.5,
      "pm2.5_1week": 6.6,
      "time_stamp": 1658433233
    },
    "stats_a": {
      "pm2.5": 17.6,
      "pm2.5_10minute": 18.1,
      "pm2.5_30minute": 18.3,
      "pm2.5_60minute": 19.9,
      "pm2.5_6hour": 22.0,
      "pm2.5_24hour": 17.7,
      "pm2.5_1week": 6.7,
      "time_stamp": 1658433233
    },
    "stats_b": {
      "pm2.5": 17.3,
      "pm2.5_10minute": 17.8,
      "pm2.5_30minute": 18.1,
      "pm2.5_60minute": 19.7,
      "pm2.5_6hour": 21.6,
      "pm2.5_24hour": 17.4,
      "pm2.5_1week": 6.6,
      "time_stamp": 1658433233
    }
  }
}