{
  "api_version": "V1.0.11-0.0.30",
  "time_stamp": 1658433291,
  "data_time_stamp": 1658433249,
  "sensor": {
    "sensor_index": 151700,
    "last_modified": 1657547966,
    "date_created": 1656505736,
    "last_seen": 1658433202,
    "private": 0,
    "is_owner": 0,
    "name": "12 Noyes Street, Concord, NH",
    "icon": 0,
    "location_type": 0,
    "model": "PA-II-SD",
    "hardware": "2.0+OPENLOG+15476 MB+DS3231+BME280+PMSX003-B+PMSX003-A",
    "led_brightness": 35,
    "firmware_version": "7.00",
    "rssi": -68,
    "uptime": 14767,
    "pa_latency": 279,
    "memory": 15016,
    "position_rating": 5,
    "latitude": 43.19211,
    "longitude": -71.54146,
    "altitude": 286,
    "channel_state": 3,
    "channel_flags": 0,
    "channel_flags_manual": 0,
    "channel_flags_auto": 0,
    "confidence": 100,
    "confidence_auto": 100,
    "confidence_manual": 100,
    "humidity": 45,
    "humidity_a": 45,
    "temperature": 93,
    "temperature_a": 93,
    "pressure": 991.36,
    "pressure_a": 991.36,
    "analog_input": 0.01,
    "pm1.0": 11.3,
    "pm1.0_a": 11.0,
    "pm1.0_b": 11.5,
    "pm2.5": 16.1,
    "pm2.5_a": 16.2,
    "pm2.5_b": 16.0,
    "pm2.5_alt": 10.4,
    "pm2.5_alt_a": 10.0,
    "pm2.5_alt_b": 10.8,
    "pm10.0": 17.2,
    "pm10.0_a": 17.7,
    "pm10.0_b": 16.7,
    "scattering_coefficient": 34.6,
    "scattering_coefficient_a": 34.5,
    "scattering_coefficient_b": 34.8,
    "deciviews": 16.4,
    "deciviews_a": 16.4,
    "deciviews_b": 16.4,
    "visual_range": 75.7,
    "visual_range_a": 75.9,
    "visual_range_b": 75.4,
    "0.3_um_count": 2308,
    "0.3_um_count_a": 2300,
    "0.3_um_count_b": 2317,
    "0.5_um_count": 650,
    "0.5_um_count_a": 647,
    "0.5_um_count_b": 654,
    "1.0_um_count": 100,
    "1.0_um_count_a": 96,
    "1.0_um_count_b": 104,
    "2.5_um_count": 6,
    "2.5_um_count_a": 8,
    "2.5_um_count_b": 4,
    "5.0_um_count": 0,
    "5.0_um_count_a": 1,
    "5.0_um_count_b": 0,
    "10.0_um_count": 0,
    "10.0_um_count_a": 1,
    "10.0_um_count_b": 0,
    "pm1.0_cf_1": 11.3,
    "pm1.0_cf_1_a": 11.03,
    "pm1.0_cf_1_b": 11.52,
    "pm1.0_atm": 11.3,
    "pm1.0_atm_a": 11.03,
    "pm1.0_atm_b": 11.52,
    "pm2.5_atm": 16.1,
    "pm2.5_atm_a": 16.21,
    "pm2.5_atm_b": 16.0,
    "pm2.5_cf_1": 16.1,
    "pm2.5_cf_1_a": 16.21,
    "pm2.5_cf_1_b": 16.0,
    "pm10.0_atm": 17.2,
    "pm10.0_atm_a": 17.72,
    "pm10.0_atm_b": 16.67,
    "pm10.0_cf_1": 17.2,
    "pm10.0_cf_1_a": 17.72,
    "pm10.0_cf_1_b": 16.67,
    "primary_id_a": 1784457,
    "primary_key_a": "PB81KISBP3EXW7K9",
    "primary_id_b": 1784459,
    "primary_key_b": "YZIRVQBCBJ133NTL",
    "secondary_id_a": 1784458,
    "secondary_key_a": "9LG3IVPJL6DTYT6P",
    "secondary_id_b": 1784460,
    "secondary_key_b": "0R1GJAA1UYAHT6R9",
    "stats": {
      "pm2.5": 16.1,
      "pm2.5_10minute": 16.5,
      "pm2.5_30minute": 16.8,
      "pm2.5_60minute": 18.4,
      "pm2.5_6hour": 20.8,
      "pm2.5_24hour": 17.4,
      "pm2.5_1week": 7.2,
      "time_stamp": 1658433202
    },
    "stats_a": {
      "pm2.5": 16.2,
      "pm2.5_10minute": 16.2,
      "pm2.5_30minute": 16.2,
      "pm2.5_60minute": 17.8,
      "pm2.5_6hour": 20.1,
      "pm2.5_24hour": 16.8,
      "pm2.5_1week": 7.0,
      "time_stamp": 1658433202
    },
    "stats_b": {
      "pm2.5": 16.0,
      "pm2.5_10minute": 16.9,
      "pm2.5_30minute": 17.3,
      "pm2.5_60minute": 18.9,
      "pm2.5_6hour": 21.5,
      "pm2.5_24hour": 18.0,
      "pm2.5_1week": 7.5,
      "time_stamp": 1658433202
    }
  }
}