{
  "api_version": "V1.0.11-0.0.30",
  "time_stamp": 1658433293,
  "data_time_stamp": 1658433249,
  "sensor": {
    "sensor_index": 151712,
    "last_modified": 1656892678,
    "date_created": 1656505804,
    "last_seen": 1658433156,
    "private": 0,
    "is_owner": 0,
    "name": "NHDES Max",
    "icon": 0,
    "location_type": 0,
    "model": "PA-II-SD",
    "hardware": "2.0+OPENLOG+15476 MB+DS3231+BME280+PMSX003-B+PMSX003-A",
    "led_brightness": 35,
    "firmware_version": "7.00",
    "rssi": -60,
    "uptime": 12875,
    "pa_latency": 265,
    "memory": 15496,
    "position_rating": 5,
    "latitude": 43.289764,
    "longitude": -71.56426,
    "altitude": 370,
    "channel_state": 3,
    "channel_flags": 0,
    "channel_flags_manual": 0,
    "channel_flags_auto": 0,
    "confidence": 100,
    "confidence_auto": 100,
    "confidence_manual": 100,
    "humidity": 47,
    "humidity_a": 47,
    "temperature": 95,
    "temperature_a": 95,
    "pressure": 987.97,
    "pressure_a": 987.97,
    "analog_input": 0.02,
    "pm1.0": 10.9,
    "pm1.0_a": 10.6,
    "pm1.0_b": 11.3,
    "pm2.5": 16.4,
    "pm2.5_a": 16.6,
    "pm2.5_b": 16.3,
    "pm2.5_alt": 11.9,
    "pm2.5_alt_a": 11.5,
    "pm2.5_alt_b": 12.3,
    "pm10.0": 17.6,
    "pm10.0_a": 17.3,
    "pm10.0_b": 18.0,
    "scattering_coefficient": 35.9,
    "scattering_coefficient_a": 35.6,
    "scattering_coefficient_b": 36.2,
    "deciviews": 16.7,
    "deciviews_a": 16.6,
    "deciviews_b": 16.7,
    "visual_range": 73.5,
    "visual_range_a": 74.0,
    "visual_range_b": 73.1,
    "0.3_um_count": 2390,
    "0.3_um_count_a": 2371,
    "0.3_um_count_b": 2410,
    "0.5_um_count": 691,
    "0.5_um_count_a": 660,
    "0.5_um_count_b": 723,
    "1.0_um_count": 124,
    "1.0_um_count_a": 119,
    "1.0_um_count_b": 129,
    "2.5_um_count": 8,
    "2.5_um_count_a": 7,
    "2.5_um_count_b": 9,
    "5.0_um_count": 0,
    "5.0_um_count_a": 0,
    "5.0_um_count_b": 0,
    "10.0_um_count": 0,
    "10.0_um_count_a": 0,
    "10.0_um_count_b": 0,
    "pm1.0_cf_1": 10.9,
    "pm1.0_cf_1_a": 10.55,
    "pm1.0_cf_1_b": 11.34,
    "pm1.0_atm": 10.9,
    "pm1.0_atm_a": 10.55,
    "pm1.0_atm_b": 11.34,
    "pm2.5_atm": 16.4,
    "pm2.5_atm_a": 16.55,
    "pm2.5_atm_b": 16.31,
    "pm2.5_cf_1": 16.4,
    "pm2.5_cf_1_a": 16.55,
    "pm2.5_cf_1_b": 16.31,
    "pm10.0_atm": 17.6,
    "pm10.0_atm_a": 17.34,
    "pm10.0_atm_b": 17.95,
    "pm10.0_cf_1": 17.6,
    "pm10.0_cf_1_a": 17.34,
    "pm10.0_cf_1_b": 17.95,
    "primary_id_a": 1784481,
    "primary_key_a": "6BSH30AMW7EFIL35",
    "primary_id_b": 1784483,
    "primary_key_b": "M7CUQGSSW26NREYG",
    "secondary_id_a": 1784482,
    "secondary_key_a": "TE761N0Z9DJJRQI6",
    "secondary_id_b": 1784484,
    "secondary_key_b": "CHDQJH0M1APEWJ5B",
    "stats": {
      "pm2.5": 16.4,
      "pm2.5_10minute": 15.9,
      "pm2.5_30minute": 16.1,
      "pm2.5_60minute": 17.8,
      "pm2.5_6hour": 20.4,
      "pm2.5_24hour": 17.2,
      "pm2.5_1week": 8.2,
      "time_stamp": 1658433156
    },
    "stats_a": {
      "pm2.5": 16.6,
      "pm2.5_10minute": 16.2,
      "pm2.5_30minute": 16.5,
      "pm2.5_60minute": 18.3,
      "pm2.5_6hour": 21.0,
      "pm2.5_24hour": 17.6,
      "pm2.5_1week": 8.4,
      "time_stamp": 1658433156
    },
    "stats_b": {
      "pm2.5": 16.3,
      "pm2.5_10minute": 15.6,
      "pm2.5_30minute": 15.7,
      "pm2.5_60minute": 17.4,
      "pm2.5_6hour": 19.9,
      "pm2.5_24hour": 16.7,
      "pm2.5_1week": 8.0,
      "time_stamp": 1658433156
    }
  }
}