{
  "api_version": "V1.0.11-0.0.30",
  "time_stamp": 1658433290,
  "data_time_stamp": 1658433251,
  "sensor": {
    "sensor_index": 151702,
    "last_modified": 1657293002,
    "date_created": 1656505747,
    "last_seen": 1658433191,
    "private": 0,
    "is_owner": 0,
    "name": "NHDES_katerr",
    "icon": 0,
    "location_type": 0,
    "model": "PA-II-SD",
    "hardware": "2.0+OPENLOG+15476 MB+DS3231+BME280+PMSX003-B+PMSX003-A",
    "led_brightness": 35,
    "firmware_version": "7.00",
    "rssi": -83,
    "uptime": 2950,
    "pa_latency": 226,
    "memory": 15496,
    "position_rating": 0,
    "latitude": 43.11861,
    "longitude": -71.61618,
    "altitude": 885,
    "channel_state": 3,
    "channel_flags": 0,
    "channel_flags_manual": 0,
    "channel_flags_auto": 0,
    "confidence": 100,
    "confidence_auto": 100,
    "confidence_manual": 100,
    "analog_input": 0.01,
    "pm1.0": 12.7,
    "pm1.0_a": 12.7,
    "pm1.0_b": 12.6,
    "pm2.5": 18.2,
    "pm2.5_a": 19.4,
    "pm2.5_b": 17.0,
    "pm2.5_alt": 11.9,
    "pm2.5_alt_a": 12.1,
    "pm2.5_alt_b": 11.8,
    "pm10.0": 18.7,
    "pm10.0_a": 19.9,
    "pm10.0_b": 17.4,
    "scattering_coefficient": 39.4,
    "scattering_coefficient_a": 38.8,
    "scattering_coefficient_b": 40.0,
    "deciviews": 17.5,
    "deciviews_a": 17.3,
    "deciviews_b": 17.6,
    "visual_range": 68.0,
    "visual_range_a": 68.9,
    "visual_range_b": 67.2,
    "0.3_um_count": 2630,
    "0.3_um_count_a": 2590,
    "0.3_um_count_b": 2670,
    "0.5_um_count": 705,
    "0.5_um_count_a": 701,
    "0.5_um_count_b": 710,
    "1.0_um_count": 117,
    "1.0_um_count_a": 124,
    "1.0_um_count_b": 110,
    "2.5_um_count": 5,
    "2.5_um_count_a": 8,
    "2.5_um_count_b": 3,
    "5.0_um_count": 0,
    "5.0_um_count_a": 0,
    "5.0_um_count_b": 0,
    "10.0_um_count": 0,
    "10.0_um_count_a": 0,
    "10.0_um_count_b": 0,
    "pm1.0_cf_1": 12.7,
    "pm1.0_cf_1_a": 12.7,
    "pm1.0_cf_1_b": 12.64,
    "pm1.0_atm": 12.7,
    "pm1.0_atm_a": 12.7,
    "pm1.0_atm_b": 12.64,
    "pm2.5_atm": 18.2,
    "pm2.5_atm_a": 19.44,
    "pm2.5_atm_b": 17.0,
    "pm2.5_cf_1": 18.2,
    "pm2.5_cf_1_a": 19.44,
    "pm2.5_cf_1_b": 17.0,
    "pm10.0_atm": 18.7,
    "pm10.0_atm_a": 19.93,
    "pm10.0_atm_b": 17.45,
    "pm10.0_cf_1": 18.7,
    "pm10.0_cf_1_a": 19.93,
    "pm10.0_cf_1_b": 17.45,
    "primary_id_a": 1784461,
    "primary_key_a": "A0IJ036DV9SKCFLE",
    "primary_id_b": 1784463,
    "primary_key_b": "71A9CZ5UJ4YGTUQ2",
    "secondary_id_a": 1784462,
    "secondary_key_a": "E3XRJRWK9NZW79YP",
    "secondary_id_b": 1784464,
    "secondary_key_b": "NDDV7IN0FIAG3DCJ",
    "stats": {
      "pm2.5": 18.2,
      "pm2.5_10minute": 17.2,
      "pm2.5_30minute": 17.0,
      "pm2.5_60minute": 18.3,
      "pm2.5_6hour": 22.0,
      "pm2.5_24hour": 18.4,
      "pm2.5_1week": 7.9,
      "time_stamp": 1658433191
    },
    "stats_a": {
      "pm2.5": 19.4,
      "pm2.5_10minute": 17.8,
      "pm2.5_30minute": 17.6,
      "pm2.5_60minute": 19.1,
      "pm2.5_6hour": 22.8,
      "pm2.5_24hour": 19.0,
      "pm2.5_1week": 8.2,
      "time_stamp": 1658433191
    },
    "stats_b": {
      "pm2.5": 17.0,
      "pm2.5_10minute": 16.7,
      "pm2.5_30minute": 16.3,
      "pm2.5_60minute": 17.5,
      "pm2.5_6hour": 21.1,
      "pm2.5_24hour": 17.8,
      "pm2.5_1week": 7.7,
      "time_stamp": 1658433191
    }
  }
}