{
  "api_version": "V1.0.11-0.0.30",
  "time_stamp": 1658433294,
  "data_time_stamp": 1658433249,
  "sensor": {
    "sensor_index": 151710,
    "last_modified": 1657725314,
    "date_created": 1656505794,
    "last_seen": 1658433217,
    "private": 0,
    "is_owner": 0,
    "name": "NH2",
    "icon": 0,
    "location_type": 0,
    "model": "PA-II-SD",
    "hardware": "2.0+OPENLOG+NO-DISK+DS3231+BME280+PMSX003-B+PMSX003-A",
    "led_brightness": 35,
    "firmware_version": "7.00",
    "rssi": -87,
    "uptime": 11782,
    "pa_latency": 565,
    "memory": 15496,
    "position_rating": 5,
    "latitude": 43.132477,
    "longitude": -71.458374,
    "altitude": 230,
    "channel_state": 3,
    "channel_flags": 0,
    "channel_flags_manual": 0,
    "channel_flags_auto": 0,
    "confidence": 100,
    "confidence_auto": 100,
    "confidence_manual": 100,
    "humidity": 40,
    "humidity_a": 40,
    "temperature": 95,
    "temperature_a": 95,
    "pressure": 994.31,
    "pressure_a": 994.31,
    "analog_input": 0.02,
    "pm1.0": 12.1,
    "pm1.0_a": 11.9,
    "pm1.0_b": 12.2,
    "pm2.5": 16.2,
    "pm2.5_a": 16.1,
    "pm2.5_b": 16.3,
    "pm2.5_alt": 9.5,
    "pm2.5_alt_a": 8.9,
    "pm2.5_alt_b": 10.0,
    "pm10.0": 17.3,
    "pm10.0_a": 17.4,
    "pm10.0_b": 17.2,
    "scattering_coefficient": 33.7,
    "scattering_coefficient_a": 32.9,
    "scattering_coefficient_b": 34.4,
    "deciviews": 16.2,
    "deciviews_a": 16.0,
    "deciviews_b": 16.3,
    "visual_range": 77.4,
    "visual_range_a": 78.7,
    "visual_range_b": 76.1,
    "0.3_um_count": 2243,
    "0.3_um_count_a": 2196,
    "0.3_um_count_b": 2291,
    "0.5_um_count": 610,
    "0.5_um_count_a": 613,
    "0.5_um_count_b": 607,
    "1.0_um_count": 86,
    "1.0_um_count_a": 77,
    "1.0_um_count_b": 95,
    "2.5_um_count": 4,
    "2.5_um_count_a": 5,
    "2.5_um_count_b": 4,
    "5.0_um_count": 1,
    "5.0_um_count_a": 1,
    "5.0_um_count_b": 1,
    "10.0_um_count": 0,
    "10.0_um_count_a": 1,
    "10.0_um_count_b": 0,
    "pm1.0_cf_1": 12.1,
    "pm1.0_cf_1_a": 11.93,
    "pm1.0_cf_1_b": 12.2,
    "pm1.0_atm": 12.1,
    "pm1.0_atm_a": 11.93,
    "pm1.0_atm_b": 12.2,
    "pm2.5_atm": 16.2,
    "pm2.5_atm_a": 16.11,
    "pm2.5_atm_b": 16.34,
    "pm2.5_cf_1": 16.2,
    "pm2.5_cf_1_a": 16.11,
    "pm2.5_cf_1_b": 16.34,
    "pm10.0_atm": 17.3,
    "pm10.0_atm_a": 17.38,
    "pm10.0_atm_b": 17.16,
    "pm10.0_cf_1": 17.3,
    "pm10.0_cf_1_a": 17.38,
    "pm10.0_cf_1_b": 17.16,
    "primary_id_a": 1784477,
    "primary_key_a": "NXP0QIHUQ5DHYRJG",
    "primary_id_b": 1784479,
    "primary_key_b": "BO4EQBC5TK8C6J0G",
    "secondary_id_a": 1784478,
    "secondary_key_a": "W83EZMESHPM8Y576",
    "secondary_id_b": 1784480,
    "secondary_key_b": "S5G642SWVOCC0P9N",
    "stats": {
      "pm2.5": 16.2,
      "pm2.5_10minute": 16.4,
      "pm2.5_30minute": 17.0,
      "pm2.5_60minute": 19.0,
      "pm2.5_6hour": 22.6,
      "pm2.5_24hour": 19.2,
      "pm2.5_1week": 7.7,
      "time_stamp": 1658433217
    },
    "stats_a": {
      "pm2.5": 16.1,
      "pm2.5_10minute": 16.3,
      "pm2.5_30minute": 17.0,
      "pm2.5_60minute": 18.9,
      "pm2.5_6hour": 22.4,
      "pm2.5_24hour": 19.1,
      "pm2.5_1week": 7.8,
      "time_stamp": 1658433217
    },
    "stats_b": {
      "pm2.5": 16.3,
      "pm2.5_10minute": 16.4,
      "pm2.5_30minute": 17.1,
      "pm2.5_60minute": 19.1,
      "pm2.5_6hour": 22.8,
      "pm2.5_24hour": 19.2,
      "pm2.5_1week": 7.6,
      "time_stamp": 1658433217
    }
  }
}