{
  "api_version": "V1.0.11-0.0.30",
  "time_stamp": 1658433294,
  "data_time_stamp": 1658433249,
  "sensor": {
    "sensor_index": 151706,
    "last_modified": 1657816959,
    "date_created": 1656505774,
    "last_seen": 1658433190,
    "private": 0,
    "is_owner": 0,
    "name": "MChase_ParkPl",
    "icon": 0,
    "location_type": 0,
    "model": "PA-II-SD",
    "hardware": "2.0+OPENLOG+31914 MB+DS3231+BME280+PMSX003-B+PMSX003-A",
    "led_brightness": 35,
    "firmware_version": "7.00",
    "rssi": -73,
    "uptime": 643,
    "pa_latency": 647,
    "memory": 15888,
    "position_rating": 5,
    "latitude": 43.00408,
    "longitude": -71.17704,
    "altitude": 194,
    "channel_state": 3,
    "channel_flags": 0,
    "channel_flags_manual": 0,
    "channel_flags_auto": 0,
    "confidence": 35,
    "confidence_auto": 35,
    "confidence_manual": 35,
    "humidity": 40,
    "humidity_a": 40,
    "temperature": 98,
    "temperature_a": 98,
    "pressure": 995.17,
    "pressure_a": 995.17,
    "analog_input": 0.0,
    "pm1.0": 6.0,
    "pm1.0_a": 11.9,
    "pm1.0_b": 0.0,
    "pm2.5": 7.8,
    "pm2.5_a": 15.5,
    "pm2.5_b": 0.0,
    "pm2.5_alt": 5.6,
    "pm2.5_alt_a": 11.2,
    "pm2.5_alt_b": 0.0,
    "pm10.0": 8.4,
    "pm10.0_a": 16.8,
    "pm10.0_b": 0.0,
    "scattering_coefficient": 37.8,
    "scattering_coefficient_a": 37.8,
    "deciviews": 17.1,
    "deciviews_a": 17.1,
    "visual_range": 70.5,
    "visual_range_a": 70.5,
    "0.3_um_count": 1258,
    "0.3_um_count_a": 2517,
    "0.3_um_count_b": 0,
    "0.5_um_count": 352,
    "0.5_um_count_a": 704,
    "0.5_um_count_b": 0,
    "1.0_um_count": 54,
    "1.0_um_count_a": 108,
    "1.0_um_count_b": 0,
    "2.5_um_count": 3,
    "2.5_um_count_a": 7,
    "2.5_um_count_b": 0,
    "5.0_um_count": 0,
    "5.0_um_count_a": 1,
    "5.0_um_count_b": 0,
    "10.0_um_count": 0,
    "10.0_um_count_a": 1,
    "10.0_um_count_b": 0,
    "pm1.0_cf_1": 6.0,
    "pm1.0_cf_1_a": 11.92,
    "pm1.0_cf_1_b": 0.0,
    "pm1.0_atm": 6.0,
    "pm1.0_atm_a": 11.92,
    "pm1.0_atm_b": 0.0,
    "pm2.5_atm": 7.8,
    "pm2.5_atm_a": 15.53,
    "pm2.5_atm_b": 0.0,
    "pm2.5_cf_1": 7.8,
    "pm2.5_cf_1_a": 15.53,
    "pm2.5_cf_1_b": 0.0,
    "pm10.0_atm": 8.4,
    "pm10.0_atm_a": 16.81,
    "pm10.0_atm_b": 0.0,
    "pm10.0_cf_1": 8.4,
    "pm10.0_cf_1_a": 16.81,
    "pm10.0_cf_1_b": 0.0,
    "primary_id_a": 1784469,
    "primary_key_a": "35G0TYIXD0ECZNTD",
    "primary_id_b": 1784471,
    "primary_key_b": "PEIZ386P8QWTGTEJ",
    "secondary_id_a": 1784470,
    "secondary_key_a": "ZZU0K6CYGI0SI1E9",
    "secondary_id_b": 1784472,
    "secondary_key_b": "A0XSXISLK16CRMOD",
    "stats": {
      "pm2.5": 7.8,
      "pm2.5_10minute": 7.8,
      "pm2.5_30minute": 8.0,
      "pm2.5_60minute": 8.8,
      "pm2.5_6hour": 15.1,
      "pm2.5_24hour": 13.1,
      "pm2.5_1week": 4.2,
      "time_stamp": 1658433190
    },
    "stats_a": {
      "pm2.5": 15.5,
      "pm2.5_10minute": 15.5,
      "pm2.5_30minute": 15.9,
      "pm2.5_60minute": 17.3,
      "pm2.5_6hour": 20.8,
      "pm2.5_24hour": 17.6,
      "pm2.5_1week": 6.2,
      "time_stamp": 1658433190
    },
    "stats_b": {
      "pm2.5": 0.0,
      "pm2.5_10minute": 0.0,
      "pm2.5_30minute": 0.0,
      "pm2.5_60minute": 0.2,
      "pm2.5_6hour": 9.4,
      "pm2.5_24hour": 8.6,
      "pm2.5_1week": 2.1,
      "time_stamp": 1658433190
    }
  }
}