{
  "api_version": "V1.0.11-0.0.27",
  "time_stamp": 1657648253,
  "data_time_stamp": 1657648245,
  "sensor": {
    "sensor_index": 143456,
    "last_modified": 1651934793,
    "date_created": 1643151055,
    "last_seen": 1657648148,
    "private": 0,
    "is_owner": 0,
    "name": "Junder22",
    "icon": 0,
    "location_type": 0,
    "model": "PA-II",
    "hardware": "2.0+BME280+PMSX003-B+PMSX003-A",
    "led_brightness": 35,
    "firmware_version": "7.00",
    "rssi": -77,
    "uptime": 31361,
    "pa_latency": 4401,
    "memory": 15840,
    "position_rating": 5,
    "latitude": 43.08963,
    "longitude": -71.50244,
    "altitude": 619,
    "channel_state": 3,
    "channel_flags": 0,
    "channel_flags_manual": 0,
    "channel_flags_auto": 0,
    "confidence": 100,
    "confidence_auto": 100,
    "confidence_manual": 100,
    "humidity": 41,
    "humidity_a": 41,
    "temperature": 92,
    "temperature_a": 92,
    "pressure": 983.21,
    "pressure_a": 983.21,
    "analog_input": 0.01,
    "pm1.0": 10.6,
    "pm1.0_a": 10.4,
    "pm1.0_b": 10.8,
    "pm2.5": 14.5,
    "pm2.5_a": 13.9,
    "pm2.5_b": 15.0,
    "pm2.5_alt": 9.2,
    "pm2.5_alt_a": 9.0,
    "pm2.5_alt_b": 9.4,
    "pm10.0": 14.9,
    "pm10.0_a": 14.7,
    "pm10.0_b": 15.0,
    "scattering_coefficient": 29.2,
    "scattering_coefficient_a": 29.0,
    "scattering_coefficient_b": 29.4,
    "deciviews": 15.1,
    "deciviews_a": 15.0,
    "deciviews_b": 15.1,
    "visual_range": 86.6,
    "visual_range_a": 87.1,
    "visual_range_b": 86.1,
    "0.3_um_count": 1947,
    "0.3_um_count_a": 1932,
    "0.3_um_count_b": 1962,
    "0.5_um_count": 547,
    "0.5_um_count_a": 533,
    "0.5_um_count_b": 562,
    "1.0_um_count": 89,
    "1.0_um_count_a": 89,
    "1.0_um_count_b": 90,
    "2.5_um_count": 3,
    "2.5_um_count_a": 4,
    "2.5_um_count_b": 2,
    "5.0_um_count": 0,
    "5.0_um_count_a": 0,
    "5.0_um_count_b": 0,
    "10.0_um_count": 0,
    "10.0_um_count_a": 0,
    "10.0_um_count_b": 0,
    "pm1.0_cf_1": 10.6,
    "pm1.0_cf_1_a": 10.42,
    "pm1.0_cf_1_b": 10.84,
    "pm1.0_atm": 10.6,
    "pm1.0_atm_a": 10.42,
    "pm1.0_atm_b": 10.84,
    "pm2.5_atm": 14.5,
    "pm2.5_atm_a": 13.92,
    "pm2.5_atm_b": 15.03,
    "pm2.5_cf_1": 14.5,
    "pm2.5_cf_1_a": 13.92,
    "pm2.5_cf_1_b": 15.03,
    "pm10.0_atm": 14.9,
    "pm10.0_atm_a": 14.72,
    "pm10.0_atm_b": 15.03,
    "pm10.0_cf_1": 14.9,
    "pm10.0_cf_1_a": 14.72,
    "pm10.0_cf_1_b": 15.03,
    "primary_id_a": 1640321,
    "primary_key_a": "DUQ1DHALIEN6DQPZ",
    "primary_id_b": 1640325,
    "primary_key_b": "6S4L2IFWG5GLNKG5",
    "secondary_id_a": 1640323,
    "secondary_key_a": "SJBIKJUCN4Z46AL6",
    "secondary_id_b": 1640326,
    "secondary_key_b": "GEK1ZZUK8JCHMIDW",
    "stats": {
      "pm2.5": 14.5,
      "pm2.5_10minute": 14.0,
      "pm2.5_30minute": 13.4,
      "pm2.5_60minute": 12.2,
      "pm2.5_6hour": 9.4,
      "pm2.5_24hour": 6.7,
      "pm2.5_1week": 5.5,
      "time_stamp": 1657648148
    },
    "stats_a": {
      "pm2.5": 13.9,
      "pm2.5_10minute": 13.1,
      "pm2.5_30minute": 12.6,
      "pm2.5_60minute": 11.6,
      "pm2.5_6hour": 9.0,
      "pm2.5_24hour": 6.4,
      "pm2.5_1week": 5.2,
      "time_stamp": 1657648148
    },
    "stats_b": {
      "pm2.5": 15.0,
      "pm2.5_10minute": 14.8,
      "pm2.5_30minute": 14.1,
      "pm2.5_60minute": 12.9,
      "pm2.5_6hour": 9.8,
      "pm2.5_24hour": 7.0,
      "pm2.5_1week": 5.8,
      "time_stamp": 1657648148
    }
  }
}