{
  "api_version": "V1.0.11-0.0.27",
  "time_stamp": 1657648252,
  "data_time_stamp": 1657648245,
  "sensor": {
    "sensor_index": 151708,
    "last_modified": 1657546726,
    "date_created": 1656505783,
    "last_seen": 1657648215,
    "private": 0,
    "is_owner": 0,
    "name": "12 Noyes Street, Concord, NH",
    "icon": 0,
    "location_type": 0,
    "model": "PA-II-SD",
    "hardware": "2.0+OPENLOG+31037 MB+DS3231+BME280+BME680+PMSX003-B+PMSX003-A",
    "led_brightness": 35,
    "firmware_version": "7.00",
    "rssi": -79,
    "uptime": 1718,
    "pa_latency": 732,
    "memory": 15072,
    "position_rating": 5,
    "latitude": 43.192085,
    "longitude": -71.5415,
    "altitude": 287,
    "channel_state": 3,
    "channel_flags": 0,
    "channel_flags_manual": 0,
    "channel_flags_auto": 0,
    "confidence": 100,
    "confidence_auto": 100,
    "confidence_manual": 100,
    "humidity": 43,
    "humidity_a": 44,
    "humidity_b": 42,
    "temperature": 91,
    "temperature_a": 91,
    "temperature_b": 92,
    "pressure": 993.74,
    "pressure_a": 993.41,
    "pressure_b": 994.07,
    "voc": 26.1,
    "voc_b": 26.11,
    "analog_input": 0.0,
    "pm1.0": 6.2,
    "pm1.0_a": 6.4,
    "pm1.0_b": 6.1,
    "pm2.5": 13.6,
    "pm2.5_a": 13.6,
    "pm2.5_b": 13.6,
    "pm2.5_alt": 6.5,
    "pm2.5_alt_a": 6.5,
    "pm2.5_alt_b": 6.4,
    "pm10.0": 14.8,
    "pm10.0_a": 15.0,
    "pm10.0_b": 14.5,
    "0.3_um_count": 626,
    "0.3_um_count_a": 670,
    "0.3_um_count_b": 582,
    "0.5_um_count": 538,
    "0.5_um_count_a": 540,
    "0.5_um_count_b": 536,
    "1.0_um_count": 60,
    "1.0_um_count_a": 60,
    "1.0_um_count_b": 60,
    "2.5_um_count": 0,
    "2.5_um_count_a": 0,
    "2.5_um_count_b": 0,
    "5.0_um_count": 0,
    "5.0_um_count_a": 0,
    "5.0_um_count_b": 0,
    "10.0_um_count": 0,
    "10.0_um_count_a": 0,
    "10.0_um_count_b": 0,
    "pm1.0_cf_1": 6.2,
    "pm1.0_cf_1_a": 6.42,
    "pm1.0_cf_1_b": 6.07,
    "pm1.0_atm": 6.2,
    "pm1.0_atm_a": 6.42,
    "pm1.0_atm_b": 6.07,
    "pm2.5_atm": 13.6,
    "pm2.5_atm_a": 13.56,
    "pm2.5_atm_b": 13.63,
    "pm2.5_cf_1": 13.6,
    "pm2.5_cf_1_a": 13.56,
    "pm2.5_cf_1_b": 13.63,
    "pm10.0_atm": 14.8,
    "pm10.0_atm_a": 15.04,
    "pm10.0_atm_b": 14.48,
    "pm10.0_cf_1": 14.8,
    "pm10.0_cf_1_a": 15.04,
    "pm10.0_cf_1_b": 14.48,
    "primary_id_a": 1784473,
    "primary_key_a": "RECLPTF41NFVAGZS",
    "primary_id_b": 1784475,
    "primary_key_b": "F5P8XN29WYFV4N87",
    "secondary_id_a": 1784474,
    "secondary_key_a": "SX1Z89WJKRZTSAKK",
    "secondary_id_b": 1784476,
    "secondary_key_b": "7LDKL9Q9YP56VMU9",
    "stats": {
      "pm2.5": 13.6,
      "pm2.5_10minute": 12.4,
      "pm2.5_30minute": 11.6,
      "pm2.5_60minute": 10.4,
      "pm2.5_6hour": 7.0,
      "pm2.5_24hour": 3.3,
      "pm2.5_1week": 0.6,
      "time_stamp": 1657648215
    },
    "stats_a": {
      "pm2.5": 13.6,
      "pm2.5_10minute": 12.5,
      "pm2.5_30minute": 11.7,
      "pm2.5_60minute": 10.5,
      "pm2.5_6hour": 7.1,
      "pm2.5_24hour": 3.4,
      "pm2.5_1week": 0.6,
      "time_stamp": 1657648215
    },
    "stats_b": {
      "pm2.5": 13.6,
      "pm2.5_10minute": 12.4,
      "pm2.5_30minute": 11.4,
      "pm2.5_60minute": 10.3,
      "pm2.5_6hour": 6.9,
      "pm2.5_24hour": 3.2,
      "pm2.5_1week": 0.6,
      "time_stamp": 1657648215
    }
  }
}