{
  "api_version": "V1.0.11-0.0.27",
  "time_stamp": 1657656232,
  "data_time_stamp": 1657656227,
  "sensor": {
    "sensor_index": 151700,
    "last_modified": 1657547966,
    "date_created": 1656505736,
    "last_seen": 1657656117,
    "private": 0,
    "is_owner": 0,
    "name": "12 Noyes Street, Concord, NH",
    "icon": 0,
    "location_type": 0,
    "model": "PA-II-SD",
    "hardware": "2.0+OPENLOG+15476 MB+DS3231+BME280+PMSX003-B+PMSX003-A",
    "led_brightness": 35,
    "firmware_version": "7.00",
    "rssi": -67,
    "uptime": 1816,
    "pa_latency": 302,
    "memory": 15184,
    "position_rating": 5,
    "latitude": 43.19211,
    "longitude": -71.54146,
    "altitude": 286,
    "channel_state": 3,
    "channel_flags": 0,
    "channel_flags_manual": 0,
    "channel_flags_auto": 0,
    "confidence": 100,
    "confidence_auto": 100,
    "confidence_manual": 100,
    "humidity": 41,
    "humidity_a": 41,
    "temperature": 92,
    "temperature_a": 92,
    "pressure": 992.06,
    "pressure_a": 992.06,
    "analog_input": 0.01,
    "pm1.0": 12.8,
    "pm1.0_a": 13.2,
    "pm1.0_b": 12.4,
    "pm2.5": 17.6,
    "pm2.5_a": 17.3,
    "pm2.5_b": 17.9,
    "pm2.5_alt": 10.7,
    "pm2.5_alt_a": 10.3,
    "pm2.5_alt_b": 11.2,
    "pm10.0": 17.9,
    "pm10.0_a": 17.7,
    "pm10.0_b": 18.1,
    "scattering_coefficient": 38.9,
    "scattering_coefficient_a": 39.8,
    "scattering_coefficient_b": 38.1,
    "deciviews": 17.4,
    "deciviews_a": 17.5,
    "deciviews_b": 17.2,
    "visual_range": 68.8,
    "visual_range_a": 67.5,
    "visual_range_b": 70.0,
    "0.3_um_count": 2596,
    "0.3_um_count_a": 2652,
    "0.3_um_count_b": 2541,
    "0.5_um_count": 728,
    "0.5_um_count_a": 746,
    "0.5_um_count_b": 711,
    "1.0_um_count": 95,
    "1.0_um_count_a": 82,
    "1.0_um_count_b": 109,
    "2.5_um_count": 6,
    "2.5_um_count_a": 4,
    "2.5_um_count_b": 9,
    "5.0_um_count": 0,
    "5.0_um_count_a": 0,
    "5.0_um_count_b": 0,
    "10.0_um_count": 0,
    "10.0_um_count_a": 0,
    "10.0_um_count_b": 0,
    "pm1.0_cf_1": 12.8,
    "pm1.0_cf_1_a": 13.21,
    "pm1.0_cf_1_b": 12.41,
    "pm1.0_atm": 12.8,
    "pm1.0_atm_a": 13.21,
    "pm1.0_atm_b": 12.41,
    "pm2.5_atm": 17.6,
    "pm2.5_atm_a": 17.29,
    "pm2.5_atm_b": 17.94,
    "pm2.5_cf_1": 17.6,
    "pm2.5_cf_1_a": 17.29,
    "pm2.5_cf_1_b": 17.94,
    "pm10.0_atm": 17.9,
    "pm10.0_atm_a": 17.66,
    "pm10.0_atm_b": 18.13,
    "pm10.0_cf_1": 17.9,
    "pm10.0_cf_1_a": 17.66,
    "pm10.0_cf_1_b": 18.13,
    "primary_id_a": 1784457,
    "primary_key_a": "PB81KISBP3EXW7K9",
    "primary_id_b": 1784459,
    "primary_key_b": "YZIRVQBCBJ133NTL",
    "secondary_id_a": 1784458,
    "secondary_key_a": "9LG3IVPJL6DTYT6P",
    "secondary_id_b": 1784460,
    "secondary_key_b": "0R1GJAA1UYAHT6R9",
    "stats": {
      "pm2.5": 17.6,
      "pm2.5_10minute": 16.8,
      "pm2.5_30minute": 16.0,
      "pm2.5_60minute": 15.0,
      "pm2.5_6hour": 10.6,
      "pm2.5_24hour": 5.0,
      "pm2.5_1week": 0.9,
      "time_stamp": 1657656117
    },
    "stats_a": {
      "pm2.5": 17.3,
      "pm2.5_10minute": 16.7,
      "pm2.5_30minute": 15.8,
      "pm2.5_60minute": 14.8,
      "pm2.5_6hour": 10.5,
      "pm2.5_24hour": 5.0,
      "pm2.5_1week": 0.9,
      "time_stamp": 1657656117
    },
    "stats_b": {
      "pm2.5": 17.9,
      "pm2.5_10minute": 17.0,
      "pm2.5_30minute": 16.1,
      "pm2.5_60minute": 15.1,
      "pm2.5_6hour": 10.7,
      "pm2.5_24hour": 5.1,
      "pm2.5_1week": 0.9,
      "time_stamp": 1657656117
    }
  }
}