{
  "api_version": "V1.0.11-0.0.27",
  "time_stamp": 1657655702,
  "data_time_stamp": 1657655680,
  "sensor": {
    "sensor_index": 151702,
    "last_modified": 1657293002,
    "date_created": 1656505747,
    "last_seen": 1657655617,
    "private": 0,
    "is_owner": 0,
    "name": "NHDES_katerr",
    "icon": 0,
    "location_type": 0,
    "model": "PA-II-SD",
    "hardware": "2.0+OPENLOG+15476 MB+DS3231+BME280+PMSX003-B+PMSX003-A",
    "led_brightness": 35,
    "firmware_version": "7.00",
    "rssi": -78,
    "uptime": 6122,
    "pa_latency": 230,
    "memory": 15184,
    "position_rating": 0,
    "latitude": 43.11861,
    "longitude": -71.61618,
    "altitude": 885,
    "channel_state": 3,
    "channel_flags": 0,
    "channel_flags_manual": 0,
    "channel_flags_auto": 0,
    "confidence": 100,
    "confidence_auto": 100,
    "confidence_manual": 100,
    "humidity": 37,
    "humidity_a": 37,
    "temperature": 94,
    "temperature_a": 94,
    "pressure": 972.29,
    "pressure_a": 972.29,
    "analog_input": 0.01,
    "pm1.0": 12.1,
    "pm1.0_a": 11.8,
    "pm1.0_b": 12.4,
    "pm2.5": 16.5,
    "pm2.5_a": 17.1,
    "pm2.5_b": 15.9,
    "pm2.5_alt": 10.8,
    "pm2.5_alt_a": 10.9,
    "pm2.5_alt_b": 10.8,
    "pm10.0": 17.1,
    "pm10.0_a": 17.7,
    "pm10.0_b": 16.6,
    "scattering_coefficient": 39.5,
    "scattering_coefficient_a": 39.8,
    "scattering_coefficient_b": 39.3,
    "deciviews": 17.5,
    "deciviews_a": 17.5,
    "deciviews_b": 17.4,
    "visual_range": 67.9,
    "visual_range_a": 67.6,
    "visual_range_b": 68.3,
    "0.3_um_count": 2634,
    "0.3_um_count_a": 2650,
    "0.3_um_count_b": 2618,
    "0.5_um_count": 707,
    "0.5_um_count_a": 729,
    "0.5_um_count_b": 686,
    "1.0_um_count": 96,
    "1.0_um_count_a": 96,
    "1.0_um_count_b": 96,
    "2.5_um_count": 4,
    "2.5_um_count_a": 6,
    "2.5_um_count_b": 3,
    "5.0_um_count": 0,
    "5.0_um_count_a": 0,
    "5.0_um_count_b": 0,
    "10.0_um_count": 0,
    "10.0_um_count_a": 0,
    "10.0_um_count_b": 0,
    "pm1.0_cf_1": 12.1,
    "pm1.0_cf_1_a": 11.81,
    "pm1.0_cf_1_b": 12.42,
    "pm1.0_atm": 12.1,
    "pm1.0_atm_a": 11.81,
    "pm1.0_atm_b": 12.42,
    "pm2.5_atm": 16.5,
    "pm2.5_atm_a": 17.14,
    "pm2.5_atm_b": 15.93,
    "pm2.5_cf_1": 16.5,
    "pm2.5_cf_1_a": 17.14,
    "pm2.5_cf_1_b": 15.93,
    "pm10.0_atm": 17.1,
    "pm10.0_atm_a": 17.68,
    "pm10.0_atm_b": 16.59,
    "pm10.0_cf_1": 17.1,
    "pm10.0_cf_1_a": 17.68,
    "pm10.0_cf_1_b": 16.59,
    "primary_id_a": 1784461,
    "primary_key_a": "A0IJ036DV9SKCFLE",
    "primary_id_b": 1784463,
    "primary_key_b": "71A9CZ5UJ4YGTUQ2",
    "secondary_id_a": 1784462,
    "secondary_key_a": "E3XRJRWK9NZW79YP",
    "secondary_id_b": 1784464,
    "secondary_key_b": "NDDV7IN0FIAG3DCJ",
    "stats": {
      "pm2.5": 16.5,
      "pm2.5_10minute": 16.8,
      "pm2.5_30minute": 15.6,
      "pm2.5_60minute": 14.4,
      "pm2.5_6hour": 11.4,
      "pm2.5_24hour": 7.2,
      "pm2.5_1week": 1.8,
      "time_stamp": 1657655617
    },
    "stats_a": {
      "pm2.5": 17.1,
      "pm2.5_10minute": 17.5,
      "pm2.5_30minute": 16.2,
      "pm2.5_60minute": 15.0,
      "pm2.5_6hour": 11.9,
      "pm2.5_24hour": 7.5,
      "pm2.5_1week": 1.9,
      "time_stamp": 1657655617
    },
    "stats_b": {
      "pm2.5": 15.9,
      "pm2.5_10minute": 16.2,
      "pm2.5_30minute": 15.0,
      "pm2.5_60minute": 13.9,
      "pm2.5_6hour": 11.0,
      "pm2.5_24hour": 6.9,
      "pm2.5_1week": 1.7,
      "time_stamp": 1657655617
    }
  }
}