api_version,time_stamp,data_time_stamp,sensor_index,last_modified,date_created,last_seen,private,is_owner,name,icon,location_type,model,hardware,led_brightness,firmware_version,rssi,uptime,pa_latency,memory,position_rating,latitude,longitude,altitude,channel_state,channel_flags,channel_flags_manual,channel_flags_auto,confidence,confidence_auto,confidence_manual,humidity,humidity_a,humidity_b,temperature,temperature_a,temperature_b,pressure,pressure_a,pressure_b,voc,voc_b,analog_input,pm1.0,pm1.0_a,pm1.0_b,pm1.0_atm,pm1.0_cf_1,pm2.5,pm2.5_a,pm2.5_b,pm2.5_atm,pm2.5_cf_1,pm2.5_alt,pm2.5_alt_a,pm2.5_alt_b,pm10.0,pm10.0_a,pm10.0_b,pm10.0_atm,pm10.0_cf_1,scattering_coefficient,scattering_coefficient_a,scattering_coefficient_b,deciviews,deciviews_a,deciviews_b,visual_range,visual_range_a,visual_range_b,0.3_um_count,0.3_um_count_a,0.3_um_count_b,0.5_um_count,0.5_um_count_a,0.5_um_count_b,1.0_um_count,1.0_um_count_a,1.0_um_count_b,2.5_um_count,2.5_um_count_a,2.5_um_count_b,5.0_um_count,5.0_um_count_a,5.0_um_count_b,10.0_um_count,10.0_um_count_a,10.0_um_count_b,pm1.0_atm_a,pm2.5_atm_a,pm10.0_atm_a,pm1.0_cf_1_a,pm2.5_cf_1_a,pm10.0_cf_1_a,pm1.0_atm_b,pm2.5_atm_b,pm10.0_atm_b,pm1.0_cf_1_b,pm2.5_cf_1_b,pm10.0_cf_1_b,primary_id_a,primary_key_a,primary_id_b,primary_key_b,secondary_id_a,secondary_key_a,secondary_id_b,secondary_key_b,pm2.5,pm2.5_10minute,pm2.5_30minute,pm2.5_60minute,pm2.5_6hour,pm2.5_24hour,pm2.5_1week,time_stamp,pm2.5,pm2.5_10minute,pm2.5_30minute,pm2.5_60minute,pm2.5_6hour,pm2.5_24hour,pm2.5_1week,time_stamp,pm2.5,pm2.5_10minute,pm2.5_30minute,pm2.5_60minute,pm2.5_6hour,pm2.5_24hour,pm2.5_1week,time_stamp
V1.0.11-0.0.27,07-12-2022 14:24:21,07-12-2022 14:23:38,151708,07-12-2022 14:18:17,06-29-2022 08:29:43,07-12-2022 14:22:15,0,0,NH1,0,0,PA-II-SD,2.0+OPENLOG+31037 MB+DS3231+BME280+BME680+PMSX003-B+PMSX003-A,35,7.00,-76,1750,307,15072,5,43.192066,-71.54151,288,3,0,0,0,100,100,100,44,45,43,91,91,92,993.43,993.11,993.75,28.7,28.71,0.0,6.2,6.6,5.8,6.2,6.2,13.0,12.4,13.6,13.0,13.0,6.7,6.8,6.7,14.8,14.7,14.8,14.8,14.8,None,None,None,None,None,None,None,None,None,640,694,587,553,556,550,63,64,63,0,0,0,0,0,0,0,0,0,6.6,12.38,14.69,6.6,12.38,14.69,5.83,13.57,14.81,5.83,13.57,14.81,1784473,RECLPTF41NFVAGZS,1784475,F5P8XN29WYFV4N87,1784474,SX1Z89WJKRZTSAKK,1784476,7LDKL9Q9YP56VMU9,13.0,12.7,12.0,10.9,7.3,3.4,0.6,07-12-2022 14:24:21,13.0,12.7,12.0,10.9,7.3,3.4,0.6,07-12-2022 14:24:21,13.0,12.7,12.0,10.9,7.3,3.4,0.6,07-12-2022 14:24:21
V1.0.11-0.0.27,07-12-2022 14:24:22,07-12-2022 14:23:38,143456,05-07-2022 10:46:33,01-25-2022 17:50:55,07-12-2022 14:23:07,0,0,Junder22,0,0,PA-II,2.0+BME280+PMSX003-B+PMSX003-A,35,7.00,-77,31395,293,15672,5,43.08963,-71.50244,619,3,0,0,0,100,100,100,38,38,None,94,94,None,983.23,983.23,None,None,None,0.01,11.6,11.0,12.2,11.6,11.6,15.7,14.4,17.0,15.7,15.7,10.2,9.7,10.6,15.9,14.5,17.3,15.9,15.9,32.7,32.3,33.0,15.9,15.8,16.0,79.3,79.9,78.6,2178,2155,2202,605,575,635,97,90,105,2,1,4,0,0,0,0,0,0,11.02,14.37,14.52,11.02,14.37,14.52,12.24,17.02,17.29,12.24,17.02,17.29,1640321,DUQ1DHALIEN6DQPZ,1640325,6S4L2IFWG5GLNKG5,1640323,SJBIKJUCN4Z46AL6,1640326,GEK1ZZUK8JCHMIDW,15.7,15.1,14.1,13.0,9.6,6.8,5.6,07-12-2022 14:24:22,15.7,15.1,14.1,13.0,9.6,6.8,5.6,07-12-2022 14:24:22,15.7,15.1,14.1,13.0,9.6,6.8,5.6,07-12-2022 14:24:22
V1.0.11-0.0.27,07-12-2022 14:24:22,07-12-2022 14:23:38,151702,07-08-2022 11:10:02,06-29-2022 08:29:07,07-12-2022 14:23:37,0,0,NHDES_katerr,0,0,PA-II-SD,2.0+OPENLOG+15476 MB+DS3231+BME280+PMSX003-B+PMSX003-A,35,7.00,-85,6032,229,15184,0,43.11861,-71.61618,885,3,0,0,0,100,100,100,32,32,None,98,98,None,973.11,973.11,None,None,None,0.01,10.0,10.0,10.1,10.0,10.0,14.3,14.5,14.2,14.3,14.3,10.0,10.0,10.1,14.7,14.8,14.6,14.7,14.7,35.5,34.9,36.1,16.6,16.5,16.7,74.2,75.2,73.1,2366,2325,2407,626,621,631,92,93,92,4,5,4,0,0,0,0,0,0,9.95,14.5,14.75,9.95,14.5,14.75,10.07,14.16,14.64,10.07,14.16,14.64,1784461,A0IJ036DV9SKCFLE,1784463,71A9CZ5UJ4YGTUQ2,1784462,E3XRJRWK9NZW79YP,1784464,NDDV7IN0FIAG3DCJ,14.3,14.1,13.4,12.7,10.9,6.9,1.7,07-12-2022 14:24:22,14.3,14.1,13.4,12.7,10.9,6.9,1.7,07-12-2022 14:24:22,14.3,14.1,13.4,12.7,10.9,6.9,1.7,07-12-2022 14:24:22
V1.0.11-0.0.27,07-12-2022 14:24:22,07-12-2022 14:23:38,151700,07-11-2022 09:59:26,06-29-2022 08:28:56,07-12-2022 14:21:56,0,0,"12 Noyes Street, Concord, NH",0,0,PA-II-SD,2.0+OPENLOG+15476 MB+DS3231+BME280+PMSX003-B+PMSX003-A,35,7.00,-66,1716,271,15184,5,43.19211,-71.54146,286,3,0,0,0,100,100,100,42,42,None,91,91,None,992.96,992.96,None,None,None,0.01,10.0,11.0,9.1,10.0,10.0,13.7,14.1,13.3,13.7,13.7,9.3,9.4,9.2,14.3,14.6,14.1,14.3,14.3,31.4,32.5,30.2,15.6,15.9,15.3,82.0,79.6,84.3,2090,2165,2015,585,615,555,87,83,91,4,2,6,0,0,0,0,0,0,11.0,14.09,14.6,11.0,14.09,14.6,9.06,13.33,14.09,9.06,13.33,14.09,1784457,PB81KISBP3EXW7K9,1784459,YZIRVQBCBJ133NTL,1784458,9LG3IVPJL6DTYT6P,1784460,0R1GJAA1UYAHT6R9,13.7,14.1,13.8,13.1,9.8,4.6,0.9,07-12-2022 14:24:22,13.7,14.1,13.8,13.1,9.8,4.6,0.9,07-12-2022 14:24:22,13.7,14.1,13.8,13.1,9.8,4.6,0.9,07-12-2022 14:24:22
