api_version,time_stamp,data_time_stamp,sensor_index,last_modified,date_created,last_seen,private,is_owner,name,icon,location_type,model,hardware,led_brightness,firmware_version,rssi,uptime,pa_latency,memory,position_rating,latitude,longitude,altitude,channel_state,channel_flags,channel_flags_manual,channel_flags_auto,confidence,confidence_auto,confidence_manual,humidity,humidity_a,humidity_b,temperature,temperature_a,temperature_b,pressure,pressure_a,pressure_b,voc,voc_b,analog_input,pm1.0,pm1.0_a,pm1.0_b,pm1.0_atm,pm1.0_cf_1,pm2.5,pm2.5_a,pm2.5_b,pm2.5_atm,pm2.5_cf_1,pm2.5_alt,pm2.5_alt_a,pm2.5_alt_b,pm10.0,pm10.0_a,pm10.0_b,pm10.0_atm,pm10.0_cf_1,scattering_coefficient,scattering_coefficient_a,scattering_coefficient_b,deciviews,deciviews_a,deciviews_b,visual_range,visual_range_a,visual_range_b,0.3_um_count,0.3_um_count_a,0.3_um_count_b,0.5_um_count,0.5_um_count_a,0.5_um_count_b,1.0_um_count,1.0_um_count_a,1.0_um_count_b,2.5_um_count,2.5_um_count_a,2.5_um_count_b,5.0_um_count,5.0_um_count_a,5.0_um_count_b,10.0_um_count,10.0_um_count_a,10.0_um_count_b,pm1.0_atm_a,pm2.5_atm_a,pm10.0_atm_a,pm1.0_cf_1_a,pm2.5_cf_1_a,pm10.0_cf_1_a,pm1.0_atm_b,pm2.5_atm_b,pm10.0_atm_b,pm1.0_cf_1_b,pm2.5_cf_1_b,pm10.0_cf_1_b,primary_id_a,primary_key_a,primary_id_b,primary_key_b,secondary_id_a,secondary_key_a,secondary_id_b,secondary_key_b,pm2.5,pm2.5_10minute,pm2.5_30minute,pm2.5_60minute,pm2.5_6hour,pm2.5_24hour,pm2.5_1week,time_stamp,pm2.5,pm2.5_10minute,pm2.5_30minute,pm2.5_60minute,pm2.5_6hour,pm2.5_24hour,pm2.5_1week,time_stamp,pm2.5,pm2.5_10minute,pm2.5_30minute,pm2.5_60minute,pm2.5_6hour,pm2.5_24hour,pm2.5_1week,time_stamp
V1.0.11-0.0.27,07-13-2022 08:10:12,07-13-2022 08:09:38,151708,07-12-2022 14:18:17,06-29-2022 08:29:43,07-13-2022 08:08:23,0,0,NH1,0,0,PA-II-SD,2.0+OPENLOG+31037 MB+DS3231+BME280+BME680+PMSX003-B+PMSX003-A,35,7.00,-75,2816,294,15072,5,43.192066,-71.54151,288,3,0,0,0,100,100,100,69,70,68,75,75,76,1001.33,1000.99,1001.67,86.4,86.39,0.0,4.4,4.1,4.6,4.4,4.4,8.3,7.7,8.9,8.3,8.3,5.2,5.0,5.4,8.9,8.0,9.8,8.9,8.9,None,None,None,None,None,None,None,None,None,530,563,497,456,449,463,45,42,49,0,0,0,0,0,0,0,0,0,4.08,7.73,8.02,4.08,7.73,8.02,4.64,8.89,9.82,4.64,8.89,9.82,1784473,RECLPTF41NFVAGZS,1784475,F5P8XN29WYFV4N87,1784474,SX1Z89WJKRZTSAKK,1784476,7LDKL9Q9YP56VMU9,8.3,7.8,7.9,8.2,8.2,5.0,1.0,07-13-2022 08:10:12,8.3,7.8,7.9,8.2,8.2,5.0,1.0,07-13-2022 08:10:12,8.3,7.8,7.9,8.2,8.2,5.0,1.0,07-13-2022 08:10:12
V1.0.11-0.0.27,07-13-2022 08:10:12,07-13-2022 08:09:38,143456,05-07-2022 10:46:33,01-25-2022 17:50:55,07-13-2022 08:09:33,0,0,Junder22,0,0,PA-II,2.0+BME280+PMSX003-B+PMSX003-A,35,7.00,-76,32461,262,15672,5,43.08963,-71.50244,619,3,0,0,0,100,100,100,69,69,None,74,74,None,990.37,990.37,None,None,None,0.01,6.6,6.4,6.9,6.6,6.6,8.2,7.6,8.9,8.2,8.2,5.4,5.2,5.7,8.3,7.7,8.9,8.3,8.3,19.2,19.2,19.3,12.0,11.9,12.0,117.9,118.1,117.8,1281,1279,1284,355,340,371,47,45,49,0,1,0,0,0,0,0,0,0,6.36,7.55,7.69,6.36,7.55,7.69,6.93,8.93,8.93,6.93,8.93,8.93,1640321,DUQ1DHALIEN6DQPZ,1640325,6S4L2IFWG5GLNKG5,1640323,SJBIKJUCN4Z46AL6,1640326,GEK1ZZUK8JCHMIDW,8.2,9.1,9.4,9.8,10.6,8.1,5.8,07-13-2022 08:10:12,8.2,9.1,9.4,9.8,10.6,8.1,5.8,07-13-2022 08:10:12,8.2,9.1,9.4,9.8,10.6,8.1,5.8,07-13-2022 08:10:12
V1.0.11-0.0.27,07-13-2022 08:10:12,07-13-2022 08:09:38,151702,07-08-2022 11:10:02,06-29-2022 08:29:07,07-13-2022 08:07:43,0,0,NHDES_katerr,0,0,PA-II-SD,2.0+OPENLOG+15476 MB+DS3231+BME280+PMSX003-B+PMSX003-A,35,7.00,-78,7096,231,15184,0,43.11861,-71.61618,885,3,0,0,0,100,100,100,49,49,None,80,80,None,979.89,979.89,None,None,None,0.01,6.8,6.7,6.9,6.8,6.8,9.8,10.4,9.3,9.8,9.8,6.8,6.8,6.8,9.9,10.4,9.3,9.9,9.9,23.4,23.1,23.7,13.4,13.3,13.5,102.5,103.5,101.5,1558,1538,1579,418,421,416,63,65,62,2,3,1,0,0,0,0,0,0,6.73,10.35,10.43,6.73,10.35,10.43,6.88,9.28,9.3,6.88,9.28,9.3,1784461,A0IJ036DV9SKCFLE,1784463,71A9CZ5UJ4YGTUQ2,1784462,E3XRJRWK9NZW79YP,1784464,NDDV7IN0FIAG3DCJ,9.8,9.8,9.8,9.8,10.5,8.1,2.2,07-13-2022 08:10:12,9.8,9.8,9.8,9.8,10.5,8.1,2.2,07-13-2022 08:10:12,9.8,9.8,9.8,9.8,10.5,8.1,2.2,07-13-2022 08:10:12
V1.0.11-0.0.27,07-13-2022 08:10:13,07-13-2022 08:09:38,151700,07-11-2022 09:59:26,06-29-2022 08:28:56,07-13-2022 08:08:02,0,0,"12 Noyes Street, Concord, NH",0,0,PA-II-SD,2.0+OPENLOG+15476 MB+DS3231+BME280+PMSX003-B+PMSX003-A,35,7.00,-67,2782,297,15184,5,43.19211,-71.54146,286,3,0,0,0,100,100,100,71,71,None,73,73,None,1000.89,1000.89,None,None,None,0.01,8.5,8.8,8.1,8.5,8.5,12.0,12.0,12.1,12.0,12.0,8.1,7.6,8.5,12.6,12.4,12.9,12.6,12.6,27.6,28.2,27.1,14.6,14.8,14.5,90.4,88.9,91.8,1842,1881,1804,520,538,502,75,64,87,4,3,6,0,0,1,0,0,0,8.77,11.96,12.41,8.77,11.96,12.41,8.13,12.09,12.89,8.13,12.09,12.89,1784457,PB81KISBP3EXW7K9,1784459,YZIRVQBCBJ133NTL,1784458,9LG3IVPJL6DTYT6P,1784460,0R1GJAA1UYAHT6R9,12.0,11.4,11.6,11.8,11.3,6.8,1.4,07-13-2022 08:10:13,12.0,11.4,11.6,11.8,11.3,6.8,1.4,07-13-2022 08:10:13,12.0,11.4,11.6,11.8,11.3,6.8,1.4,07-13-2022 08:10:13
V1.0.11-0.0.27,07-13-2022 08:20:12,07-13-2022 08:19:45,151708,07-12-2022 14:18:17,06-29-2022 08:29:43,07-13-2022 08:18:22,0,0,NH1,0,0,PA-II-SD,2.0+OPENLOG+31037 MB+DS3231+BME280+BME680+PMSX003-B+PMSX003-A,35,7.00,-75,2826,299,15072,5,43.192066,-71.54151,288,3,0,0,0,100,100,100,68,70,67,76,76,77,1001.46,1001.11,1001.81,80.7,80.72,0.0,4.8,5.2,4.4,4.8,4.8,7.9,8.2,7.7,7.9,7.9,4.8,4.9,4.7,8.1,8.2,8.0,8.1,8.1,None,None,None,None,None,None,None,None,None,512,549,475,440,441,440,40,41,39,0,0,0,0,0,0,0,0,0,5.17,8.15,8.23,5.17,8.15,8.23,4.37,7.7,8.0,4.37,7.7,8.0,1784473,RECLPTF41NFVAGZS,1784475,F5P8XN29WYFV4N87,1784474,SX1Z89WJKRZTSAKK,1784476,7LDKL9Q9YP56VMU9,7.9,7.7,7.8,8.2,8.2,5.0,1.0,07-13-2022 08:20:12,7.9,7.7,7.8,8.2,8.2,5.0,1.0,07-13-2022 08:20:12,7.9,7.7,7.8,8.2,8.2,5.0,1.0,07-13-2022 08:20:12
V1.0.11-0.0.27,07-13-2022 08:20:12,07-13-2022 08:19:45,143456,05-07-2022 10:46:33,01-25-2022 17:50:55,07-13-2022 08:19:33,0,0,Junder22,0,0,PA-II,2.0+BME280+PMSX003-B+PMSX003-A,35,7.00,-76,32471,342,15672,5,43.08963,-71.50244,619,3,0,0,0,100,100,100,66,66,None,74,74,None,990.44,990.44,None,None,None,0.01,6.2,6.1,6.3,6.2,6.2,8.3,8.4,8.2,8.3,8.3,5.6,5.5,5.6,8.9,9.2,8.5,8.9,8.9,18.6,18.7,18.4,11.7,11.8,11.7,120.8,120.3,121.3,1237,1245,1230,343,333,354,52,54,51,2,3,1,0,0,0,0,0,0,6.09,8.37,9.24,6.09,8.37,9.24,6.26,8.25,8.47,6.26,8.25,8.47,1640321,DUQ1DHALIEN6DQPZ,1640325,6S4L2IFWG5GLNKG5,1640323,SJBIKJUCN4Z46AL6,1640326,GEK1ZZUK8JCHMIDW,8.3,8.8,9.3,9.6,10.6,8.1,5.8,07-13-2022 08:20:12,8.3,8.8,9.3,9.6,10.6,8.1,5.8,07-13-2022 08:20:12,8.3,8.8,9.3,9.6,10.6,8.1,5.8,07-13-2022 08:20:12
V1.0.11-0.0.27,07-13-2022 08:20:12,07-13-2022 08:19:45,151702,07-08-2022 11:10:02,06-29-2022 08:29:07,07-13-2022 08:19:43,0,0,NHDES_katerr,0,0,PA-II-SD,2.0+OPENLOG+15476 MB+DS3231+BME280+PMSX003-B+PMSX003-A,35,7.00,-78,7108,224,15184,0,43.11861,-71.61618,885,3,0,0,0,100,100,100,57,57,None,81,81,None,980.09,980.09,None,None,None,0.01,6.6,6.7,6.6,6.6,6.6,9.6,10.2,9.1,9.6,9.6,6.9,7.0,6.8,10.4,10.9,9.8,10.4,10.4,23.9,23.4,24.3,13.5,13.4,13.7,100.9,102.3,99.6,1591,1563,1620,420,412,428,65,68,62,2,3,2,0,1,0,0,0,0,6.72,10.21,10.93,6.72,10.21,10.93,6.55,9.07,9.84,6.55,9.07,9.84,1784461,A0IJ036DV9SKCFLE,1784463,71A9CZ5UJ4YGTUQ2,1784462,E3XRJRWK9NZW79YP,1784464,NDDV7IN0FIAG3DCJ,9.6,9.6,9.7,9.8,10.5,8.1,2.2,07-13-2022 08:20:12,9.6,9.6,9.7,9.8,10.5,8.1,2.2,07-13-2022 08:20:12,9.6,9.6,9.7,9.8,10.5,8.1,2.2,07-13-2022 08:20:12
V1.0.11-0.0.27,07-13-2022 08:20:13,07-13-2022 08:19:45,151700,07-11-2022 09:59:26,06-29-2022 08:28:56,07-13-2022 08:18:02,0,0,"12 Noyes Street, Concord, NH",0,0,PA-II-SD,2.0+OPENLOG+15476 MB+DS3231+BME280+PMSX003-B+PMSX003-A,35,7.00,-70,2792,269,15184,5,43.19211,-71.54146,286,3,0,0,0,100,100,100,70,70,None,74,74,None,1000.96,1000.96,None,None,None,0.01,8.9,9.3,8.5,8.9,8.9,13.2,13.0,13.4,13.2,13.2,7.6,7.7,7.5,13.8,13.6,14.0,13.8,13.8,27.3,28.1,26.5,14.5,14.7,14.3,91.3,89.3,93.4,1818,1871,1765,520,535,506,73,71,76,10,8,12,0,0,0,0,0,0,9.31,13.02,13.58,9.31,13.02,13.58,8.49,13.45,14.04,8.49,13.45,14.04,1784457,PB81KISBP3EXW7K9,1784459,YZIRVQBCBJ133NTL,1784458,9LG3IVPJL6DTYT6P,1784460,0R1GJAA1UYAHT6R9,13.2,11.5,11.6,11.8,11.3,6.8,1.4,07-13-2022 08:20:13,13.2,11.5,11.6,11.8,11.3,6.8,1.4,07-13-2022 08:20:13,13.2,11.5,11.6,11.8,11.3,6.8,1.4,07-13-2022 08:20:13
V1.0.11-0.0.27,07-13-2022 08:30:11,07-13-2022 08:29:51,151708,07-12-2022 14:18:17,06-29-2022 08:29:43,07-13-2022 08:28:22,0,0,NH1,0,0,PA-II-SD,2.0+OPENLOG+31037 MB+DS3231+BME280+BME680+PMSX003-B+PMSX003-A,35,7.00,-74,2836,304,15072,5,43.192066,-71.54151,288,3,0,0,0,100,100,100,67,68,66,76,76,77,1001.52,1001.19,1001.84,76.5,76.54,0.0,3.9,4.2,3.6,3.9,3.9,7.5,7.4,7.6,7.5,7.5,4.4,4.6,4.1,8.2,7.7,8.6,8.2,8.2,None,None,None,None,None,None,None,None,None,484,526,442,419,431,408,35,38,32,0,0,0,0,0,0,0,0,0,4.2,7.43,7.7,4.2,7.43,7.7,3.58,7.64,8.6,3.58,7.64,8.6,1784473,RECLPTF41NFVAGZS,1784475,F5P8XN29WYFV4N87,1784474,SX1Z89WJKRZTSAKK,1784476,7LDKL9Q9YP56VMU9,7.5,7.6,7.8,8.1,8.2,5.0,1.0,07-13-2022 08:30:11,7.5,7.6,7.8,8.1,8.2,5.0,1.0,07-13-2022 08:30:11,7.5,7.6,7.8,8.1,8.2,5.0,1.0,07-13-2022 08:30:11
V1.0.11-0.0.27,07-13-2022 08:30:12,07-13-2022 08:29:51,143456,05-07-2022 10:46:33,01-25-2022 17:50:55,07-13-2022 08:29:33,0,0,Junder22,0,0,PA-II,2.0+BME280+PMSX003-B+PMSX003-A,35,7.00,-78,32481,272,15672,5,43.08963,-71.50244,619,3,0,0,0,100,100,100,66,66,None,75,75,None,990.59,990.59,None,None,None,0.01,6.6,6.6,6.7,6.6,6.6,8.9,8.3,9.4,8.9,8.9,5.6,5.7,5.5,9.2,8.4,9.9,9.2,9.2,19.4,19.9,19.0,12.0,12.2,11.9,117.0,115.2,118.9,1296,1326,1267,355,347,364,51,52,51,2,1,3,0,0,0,0,0,0,6.55,8.31,8.36,6.55,8.31,8.36,6.7,9.4,9.94,6.7,9.4,9.94,1640321,DUQ1DHALIEN6DQPZ,1640325,6S4L2IFWG5GLNKG5,1640323,SJBIKJUCN4Z46AL6,1640326,GEK1ZZUK8JCHMIDW,8.9,8.8,9.2,9.6,10.6,8.1,5.8,07-13-2022 08:30:12,8.9,8.8,9.2,9.6,10.6,8.1,5.8,07-13-2022 08:30:12,8.9,8.8,9.2,9.6,10.6,8.1,5.8,07-13-2022 08:30:12
V1.0.11-0.0.27,07-13-2022 08:30:12,07-13-2022 08:29:51,151702,07-08-2022 11:10:02,06-29-2022 08:29:07,07-13-2022 08:29:43,0,0,NHDES_katerr,0,0,PA-II-SD,2.0+OPENLOG+15476 MB+DS3231+BME280+PMSX003-B+PMSX003-A,35,7.00,-77,7118,223,15184,0,43.11861,-71.61618,885,3,0,0,0,100,100,100,57,57,None,83,83,None,980.1,980.1,None,None,None,0.01,6.6,6.1,7.1,6.6,6.6,9.6,9.0,10.2,9.6,9.6,6.9,6.8,6.9,10.2,9.8,10.5,10.2,10.2,23.6,22.8,24.3,13.4,13.2,13.7,102.0,104.4,99.5,1570,1519,1622,419,403,435,64,66,63,2,3,2,0,1,0,0,0,0,6.11,8.96,9.8,6.11,8.96,9.8,7.1,10.15,10.53,7.1,10.15,10.53,1784461,A0IJ036DV9SKCFLE,1784463,71A9CZ5UJ4YGTUQ2,1784462,E3XRJRWK9NZW79YP,1784464,NDDV7IN0FIAG3DCJ,9.6,9.5,9.6,9.7,10.5,8.1,2.2,07-13-2022 08:30:12,9.6,9.5,9.6,9.7,10.5,8.1,2.2,07-13-2022 08:30:12,9.6,9.5,9.6,9.7,10.5,8.1,2.2,07-13-2022 08:30:12
V1.0.11-0.0.27,07-13-2022 08:30:12,07-13-2022 08:29:51,151700,07-11-2022 09:59:26,06-29-2022 08:28:56,07-13-2022 08:28:02,0,0,"12 Noyes Street, Concord, NH",0,0,PA-II-SD,2.0+OPENLOG+15476 MB+DS3231+BME280+PMSX003-B+PMSX003-A,35,7.00,-72,2802,268,15184,5,43.19211,-71.54146,286,3,0,0,0,100,100,100,68,68,None,74,74,None,1000.99,1000.99,None,None,None,0.01,8.1,8.3,7.9,8.1,8.1,11.6,11.2,12.0,11.6,11.6,7.5,7.3,7.8,12.1,11.4,12.9,12.1,12.1,26.0,26.0,26.0,14.2,14.1,14.2,94.7,94.8,94.7,1732,1731,1733,489,490,488,71,64,78,5,3,8,0,0,1,0,0,0,8.29,11.2,11.39,8.29,11.2,11.39,7.93,11.98,12.89,7.93,11.98,12.89,1784457,PB81KISBP3EXW7K9,1784459,YZIRVQBCBJ133NTL,1784458,9LG3IVPJL6DTYT6P,1784460,0R1GJAA1UYAHT6R9,11.6,11.6,11.6,11.8,11.3,6.9,1.4,07-13-2022 08:30:12,11.6,11.6,11.6,11.8,11.3,6.9,1.4,07-13-2022 08:30:12,11.6,11.6,11.6,11.8,11.3,6.9,1.4,07-13-2022 08:30:12
V1.0.11-0.0.27,07-13-2022 08:40:12,07-13-2022 08:39:58,151708,07-12-2022 14:18:17,06-29-2022 08:29:43,07-13-2022 08:38:23,0,0,NH1,0,0,PA-II-SD,2.0+OPENLOG+31037 MB+DS3231+BME280+BME680+PMSX003-B+PMSX003-A,35,7.00,-74,2846,289,15072,5,43.192066,-71.54151,288,3,0,0,0,100,100,100,65,66,65,76,76,77,1001.59,1001.25,1001.93,68.1,68.13,0.0,3.3,3.4,3.3,3.3,3.3,6.1,6.4,5.9,6.1,6.1,3.8,3.8,3.8,7.4,7.7,7.0,7.4,7.4,None,None,None,None,None,None,None,None,None,466,501,431,403,409,398,26,25,27,0,0,0,0,0,0,0,0,0,3.39,6.41,7.74,3.39,6.41,7.74,3.27,5.89,7.0,3.27,5.89,7.0,1784473,RECLPTF41NFVAGZS,1784475,F5P8XN29WYFV4N87,1784474,SX1Z89WJKRZTSAKK,1784476,7LDKL9Q9YP56VMU9,6.1,7.4,7.7,8.0,8.2,5.0,1.0,07-13-2022 08:40:12,6.1,7.4,7.7,8.0,8.2,5.0,1.0,07-13-2022 08:40:12,6.1,7.4,7.7,8.0,8.2,5.0,1.0,07-13-2022 08:40:12
V1.0.11-0.0.27,07-13-2022 08:40:12,07-13-2022 08:39:58,143456,05-07-2022 10:46:33,01-25-2022 17:50:55,07-13-2022 08:39:34,0,0,Junder22,0,0,PA-II,2.0+BME280+PMSX003-B+PMSX003-A,35,7.00,-77,32491,263,15672,5,43.08963,-71.50244,619,3,0,0,0,100,100,100,64,64,None,75,75,None,990.69,990.69,None,None,None,0.01,5.6,5.4,5.9,5.6,5.6,7.9,7.2,8.6,7.9,7.9,5.2,5.0,5.5,8.1,7.5,8.6,8.1,8.1,17.2,16.9,17.5,11.2,11.1,11.3,127.2,128.6,125.9,1147,1129,1166,321,303,339,49,46,52,1,1,2,0,0,0,0,0,0,5.4,7.25,7.53,5.4,7.25,7.53,5.87,8.55,8.6,5.87,8.55,8.6,1640321,DUQ1DHALIEN6DQPZ,1640325,6S4L2IFWG5GLNKG5,1640323,SJBIKJUCN4Z46AL6,1640326,GEK1ZZUK8JCHMIDW,7.9,8.6,9.1,9.5,10.6,8.1,5.8,07-13-2022 08:40:12,7.9,8.6,9.1,9.5,10.6,8.1,5.8,07-13-2022 08:40:12,7.9,8.6,9.1,9.5,10.6,8.1,5.8,07-13-2022 08:40:12
V1.0.11-0.0.27,07-13-2022 08:40:12,07-13-2022 08:39:58,151702,07-08-2022 11:10:02,06-29-2022 08:29:07,07-13-2022 08:39:43,0,0,NHDES_katerr,0,0,PA-II-SD,2.0+OPENLOG+15476 MB+DS3231+BME280+PMSX003-B+PMSX003-A,35,7.00,-80,7128,218,15184,0,43.11861,-71.61618,885,3,0,0,0,100,100,100,56,56,None,84,84,None,980.19,980.19,None,None,None,0.01,5.9,6.0,5.8,5.9,5.9,8.0,8.1,8.0,8.0,8.0,5.8,5.7,5.9,8.4,8.4,8.4,8.4,8.4,21.0,21.0,20.9,12.6,12.6,12.5,111.0,110.6,111.3,1397,1403,1391,377,386,369,52,49,55,2,2,3,0,0,0,0,0,0,6.05,8.1,8.36,6.05,8.1,8.36,5.81,7.98,8.4,5.81,7.98,8.4,1784461,A0IJ036DV9SKCFLE,1784463,71A9CZ5UJ4YGTUQ2,1784462,E3XRJRWK9NZW79YP,1784464,NDDV7IN0FIAG3DCJ,8.0,9.1,9.5,9.6,10.4,8.1,2.2,07-13-2022 08:40:12,8.0,9.1,9.5,9.6,10.4,8.1,2.2,07-13-2022 08:40:12,8.0,9.1,9.5,9.6,10.4,8.1,2.2,07-13-2022 08:40:12
V1.0.11-0.0.27,07-13-2022 08:40:13,07-13-2022 08:39:58,151700,07-11-2022 09:59:26,06-29-2022 08:28:56,07-13-2022 08:38:02,0,0,"12 Noyes Street, Concord, NH",0,0,PA-II-SD,2.0+OPENLOG+15476 MB+DS3231+BME280+PMSX003-B+PMSX003-A,35,7.00,-68,2812,288,15184,5,43.19211,-71.54146,286,3,0,0,0,100,100,100,66,66,None,75,75,None,1001.12,1001.12,None,None,None,0.01,7.7,7.7,7.7,7.7,7.7,10.4,10.5,10.3,10.4,10.4,7.0,7.1,6.8,10.9,10.9,10.9,10.9,10.9,25.0,24.8,25.1,13.9,13.8,13.9,97.6,98.1,97.1,1665,1654,1676,466,471,461,60,62,58,2,2,2,0,0,1,0,0,0,7.69,10.5,10.94,7.69,10.5,10.94,7.7,10.26,10.94,7.7,10.26,10.94,1784457,PB81KISBP3EXW7K9,1784459,YZIRVQBCBJ133NTL,1784458,9LG3IVPJL6DTYT6P,1784460,0R1GJAA1UYAHT6R9,10.4,11.1,11.4,11.7,11.3,6.9,1.4,07-13-2022 08:40:13,10.4,11.1,11.4,11.7,11.3,6.9,1.4,07-13-2022 08:40:13,10.4,11.1,11.4,11.7,11.3,6.9,1.4,07-13-2022 08:40:13
V1.0.11-0.0.27,07-13-2022 08:50:12,07-13-2022 08:50:03,151708,07-12-2022 14:18:17,06-29-2022 08:29:43,07-13-2022 08:48:23,0,0,NH1,0,0,PA-II-SD,2.0+OPENLOG+31037 MB+DS3231+BME280+BME680+PMSX003-B+PMSX003-A,35,7.00,-75,2856,291,15072,5,43.192066,-71.54151,288,3,0,0,0,100,100,100,64,65,63,77,77,78,1001.59,1001.24,1001.94,51.5,51.54,0.0,2.7,2.5,2.9,2.7,2.7,5.6,5.5,5.7,5.6,5.6,3.3,3.7,3.0,5.8,5.8,5.8,5.8,5.8,None,None,None,None,None,None,None,None,None,427,456,399,368,366,370,22,28,16,0,0,0,0,0,0,0,0,0,2.51,5.47,5.8,2.51,5.47,5.8,2.94,5.71,5.75,2.94,5.71,5.75,1784473,RECLPTF41NFVAGZS,1784475,F5P8XN29WYFV4N87,1784474,SX1Z89WJKRZTSAKK,1784476,7LDKL9Q9YP56VMU9,5.6,6.4,7.3,7.8,8.2,5.0,1.0,07-13-2022 08:50:12,5.6,6.4,7.3,7.8,8.2,5.0,1.0,07-13-2022 08:50:12,5.6,6.4,7.3,7.8,8.2,5.0,1.0,07-13-2022 08:50:12
V1.0.11-0.0.27,07-13-2022 08:50:12,07-13-2022 08:50:03,143456,05-07-2022 10:46:33,01-25-2022 17:50:55,07-13-2022 08:49:34,0,0,Junder22,0,0,PA-II,2.0+BME280+PMSX003-B+PMSX003-A,35,7.00,-76,32501,316,15672,5,43.08963,-71.50244,619,3,0,0,0,100,100,100,64,64,None,76,76,None,990.67,990.67,None,None,None,0.01,5.8,5.4,6.2,5.8,5.8,7.7,7.5,8.0,7.7,7.7,4.9,4.9,5.0,8.0,7.7,8.2,8.0,8.0,16.9,16.4,17.4,11.1,10.9,11.3,128.7,131.3,126.1,1128,1094,1163,311,292,331,46,48,45,2,3,2,0,0,0,0,0,0,5.45,7.46,7.73,5.45,7.46,7.73,6.19,8.02,8.2,6.19,8.02,8.2,1640321,DUQ1DHALIEN6DQPZ,1640325,6S4L2IFWG5GLNKG5,1640323,SJBIKJUCN4Z46AL6,1640326,GEK1ZZUK8JCHMIDW,7.7,8.4,8.9,9.4,10.5,8.1,5.8,07-13-2022 08:50:12,7.7,8.4,8.9,9.4,10.5,8.1,5.8,07-13-2022 08:50:12,7.7,8.4,8.9,9.4,10.5,8.1,5.8,07-13-2022 08:50:12
V1.0.11-0.0.27,07-13-2022 08:50:12,07-13-2022 08:50:03,151702,07-08-2022 11:10:02,06-29-2022 08:29:07,07-13-2022 08:49:43,0,0,NHDES_katerr,0,0,PA-II-SD,2.0+OPENLOG+15476 MB+DS3231+BME280+PMSX003-B+PMSX003-A,35,7.00,-77,7138,225,15184,0,43.11861,-71.61618,885,3,0,0,0,100,100,100,53,53,None,84,84,None,980.26,980.26,None,None,None,0.01,5.0,5.2,4.9,5.0,5.0,7.4,7.7,7.0,7.4,7.4,5.3,5.5,5.2,7.5,7.9,7.0,7.5,7.5,19.0,18.7,19.3,11.9,11.8,12.0,119.0,120.4,117.6,1265,1244,1287,338,341,336,47,52,43,1,3,0,0,0,0,0,0,0,5.2,7.73,7.93,5.2,7.73,7.93,4.88,7.0,7.04,4.88,7.0,7.04,1784461,A0IJ036DV9SKCFLE,1784463,71A9CZ5UJ4YGTUQ2,1784462,E3XRJRWK9NZW79YP,1784464,NDDV7IN0FIAG3DCJ,7.4,8.4,9.2,9.4,10.4,8.1,2.2,07-13-2022 08:50:12,7.4,8.4,9.2,9.4,10.4,8.1,2.2,07-13-2022 08:50:12,7.4,8.4,9.2,9.4,10.4,8.1,2.2,07-13-2022 08:50:12
V1.0.11-0.0.27,07-13-2022 08:50:13,07-13-2022 08:50:03,151700,07-11-2022 09:59:26,06-29-2022 08:28:56,07-13-2022 08:50:02,0,0,"12 Noyes Street, Concord, NH",0,0,PA-II-SD,2.0+OPENLOG+15476 MB+DS3231+BME280+PMSX003-B+PMSX003-A,35,7.00,-66,2824,308,15184,5,43.19211,-71.54146,286,3,0,0,0,100,100,100,64,64,None,76,76,None,1001.15,1001.15,None,None,None,0.01,6.1,6.4,5.8,6.1,6.1,9.1,8.9,9.3,9.1,9.1,6.4,6.4,6.4,9.6,8.9,10.2,9.6,9.6,21.8,22.3,21.3,12.9,13.0,12.7,107.9,106.2,109.6,1453,1484,1422,406,420,392,59,55,63,2,1,4,0,0,1,0,0,0,6.45,8.91,8.91,6.45,8.91,8.91,5.83,9.26,10.23,5.83,9.26,10.23,1784457,PB81KISBP3EXW7K9,1784459,YZIRVQBCBJ133NTL,1784458,9LG3IVPJL6DTYT6P,1784460,0R1GJAA1UYAHT6R9,9.1,10.2,11.0,11.4,11.2,6.9,1.4,07-13-2022 08:50:13,9.1,10.2,11.0,11.4,11.2,6.9,1.4,07-13-2022 08:50:13,9.1,10.2,11.0,11.4,11.2,6.9,1.4,07-13-2022 08:50:13
V1.0.11-0.0.27,07-13-2022 09:00:12,07-13-2022 09:00:09,151708,07-12-2022 14:18:17,06-29-2022 08:29:43,07-13-2022 08:58:23,0,0,NH1,0,0,PA-II-SD,2.0+OPENLOG+31037 MB+DS3231+BME280+BME680+PMSX003-B+PMSX003-A,35,7.00,-76,2866,308,15072,5,43.192066,-71.54151,288,3,0,0,0,100,100,100,64,65,63,78,78,79,1001.65,1001.31,1001.99,43.2,43.25,0.0,3.1,3.3,2.8,3.1,3.1,5.4,5.8,4.9,5.4,5.4,2.9,3.2,2.5,6.0,5.9,6.0,6.0,6.0,None,None,None,None,None,None,None,None,None,434,475,393,370,375,365,13,19,8,0,0,0,0,0,0,0,0,0,3.3,5.82,5.93,3.3,5.82,5.93,2.83,4.92,5.98,2.83,4.92,5.98,1784473,RECLPTF41NFVAGZS,1784475,F5P8XN29WYFV4N87,1784474,SX1Z89WJKRZTSAKK,1784476,7LDKL9Q9YP56VMU9,5.4,6.2,7.0,7.6,8.1,5.0,1.0,07-13-2022 09:00:12,5.4,6.2,7.0,7.6,8.1,5.0,1.0,07-13-2022 09:00:12,5.4,6.2,7.0,7.6,8.1,5.0,1.0,07-13-2022 09:00:12
V1.0.11-0.0.27,07-13-2022 09:00:12,07-13-2022 09:00:09,143456,05-07-2022 10:46:33,01-25-2022 17:50:55,07-13-2022 08:59:34,0,0,Junder22,0,0,PA-II,2.0+BME280+PMSX003-B+PMSX003-A,35,7.00,-77,32511,281,15672,5,43.08963,-71.50244,619,3,0,0,0,100,100,100,61,61,None,76,76,None,990.13,990.13,None,None,None,0.01,5.4,5.0,5.7,5.4,5.4,6.9,6.6,7.2,6.9,6.9,4.7,4.7,4.6,7.0,6.9,7.2,7.0,7.0,16.2,16.0,16.4,10.8,10.7,10.9,132.5,133.6,131.3,1080,1066,1094,299,282,316,41,44,39,1,1,1,0,0,0,0,0,0,5.04,6.64,6.86,5.04,6.64,6.86,5.71,7.16,7.24,5.71,7.16,7.24,1640321,DUQ1DHALIEN6DQPZ,1640325,6S4L2IFWG5GLNKG5,1640323,SJBIKJUCN4Z46AL6,1640326,GEK1ZZUK8JCHMIDW,6.9,8.0,8.6,9.1,10.4,8.1,5.8,07-13-2022 09:00:12,6.9,8.0,8.6,9.1,10.4,8.1,5.8,07-13-2022 09:00:12,6.9,8.0,8.6,9.1,10.4,8.1,5.8,07-13-2022 09:00:12
V1.0.11-0.0.27,07-13-2022 09:00:13,07-13-2022 09:00:09,151702,07-08-2022 11:10:02,06-29-2022 08:29:07,07-13-2022 08:59:43,0,0,NHDES_katerr,0,0,PA-II-SD,2.0+OPENLOG+15476 MB+DS3231+BME280+PMSX003-B+PMSX003-A,35,7.00,-77,7148,221,15184,0,43.11861,-71.61618,885,3,0,0,0,100,100,100,49,49,None,85,85,None,980.28,980.28,None,None,None,0.01,4.9,4.8,5.0,4.9,4.9,7.1,7.6,6.5,7.1,7.1,5.2,5.5,4.9,7.4,8.4,6.5,7.4,7.4,19.3,19.3,19.4,12.0,12.0,12.0,117.5,117.6,117.3,1289,1287,1291,340,345,335,45,52,39,2,4,0,0,1,0,0,0,0,4.79,7.63,8.4,4.79,7.63,8.4,4.95,6.5,6.5,4.95,6.5,6.5,1784461,A0IJ036DV9SKCFLE,1784463,71A9CZ5UJ4YGTUQ2,1784462,E3XRJRWK9NZW79YP,1784464,NDDV7IN0FIAG3DCJ,7.1,7.8,8.8,9.2,10.4,8.1,2.2,07-13-2022 09:00:13,7.1,7.8,8.8,9.2,10.4,8.1,2.2,07-13-2022 09:00:13,7.1,7.8,8.8,9.2,10.4,8.1,2.2,07-13-2022 09:00:13
V1.0.11-0.0.27,07-13-2022 09:00:13,07-13-2022 09:00:09,151700,07-11-2022 09:59:26,06-29-2022 08:28:56,07-13-2022 09:00:02,0,0,"12 Noyes Street, Concord, NH",0,0,PA-II-SD,2.0+OPENLOG+15476 MB+DS3231+BME280+PMSX003-B+PMSX003-A,35,7.00,-68,2834,264,15184,5,43.19211,-71.54146,286,3,0,0,0,100,100,100,64,64,None,76,76,None,1001.14,1001.14,None,None,None,0.01,6.4,6.6,6.2,6.4,6.4,9.0,8.3,9.7,9.0,9.0,6.1,5.7,6.6,9.3,8.4,10.2,9.3,9.3,22.0,22.4,21.6,12.9,13.0,12.8,107.2,105.9,108.6,1465,1491,1440,408,409,407,54,44,64,2,1,4,0,0,0,0,0,0,6.58,8.27,8.4,6.58,8.27,8.4,6.15,9.71,10.15,6.15,9.71,10.15,1784457,PB81KISBP3EXW7K9,1784459,YZIRVQBCBJ133NTL,1784458,9LG3IVPJL6DTYT6P,1784460,0R1GJAA1UYAHT6R9,9.0,9.8,10.8,11.2,11.2,6.9,1.4,07-13-2022 09:00:13,9.0,9.8,10.8,11.2,11.2,6.9,1.4,07-13-2022 09:00:13,9.0,9.8,10.8,11.2,11.2,6.9,1.4,07-13-2022 09:00:13
V1.0.11-0.0.27,07-13-2022 09:10:11,07-13-2022 09:09:15,151708,07-12-2022 14:18:17,06-29-2022 08:29:43,07-13-2022 09:08:23,0,0,NH1,0,0,PA-II-SD,2.0+OPENLOG+31037 MB+DS3231+BME280+BME680+PMSX003-B+PMSX003-A,35,7.00,-76,2876,272,15072,5,43.192066,-71.54151,288,3,0,0,0,100,100,100,62,63,62,78,78,79,1001.57,1001.25,1001.89,31.6,31.59,0.0,2.4,2.4,2.4,2.4,2.4,5.4,5.1,5.8,5.4,5.4,3.1,3.0,3.1,5.7,5.3,6.0,5.7,5.7,None,None,None,None,None,None,None,None,None,398,418,378,347,345,350,19,18,20,0,0,0,0,0,0,0,0,0,2.38,5.07,5.27,2.38,5.07,5.27,2.37,5.76,6.04,2.37,5.76,6.04,1784473,RECLPTF41NFVAGZS,1784475,F5P8XN29WYFV4N87,1784474,SX1Z89WJKRZTSAKK,1784476,7LDKL9Q9YP56VMU9,5.4,5.7,6.8,7.4,8.1,5.0,1.0,07-13-2022 09:10:11,5.4,5.7,6.8,7.4,8.1,5.0,1.0,07-13-2022 09:10:11,5.4,5.7,6.8,7.4,8.1,5.0,1.0,07-13-2022 09:10:11
V1.0.11-0.0.27,07-13-2022 09:10:12,07-13-2022 09:09:15,143456,05-07-2022 10:46:33,01-25-2022 17:50:55,07-13-2022 09:07:34,0,0,Junder22,0,0,PA-II,2.0+BME280+PMSX003-B+PMSX003-A,35,7.00,-80,32519,264,15672,5,43.08963,-71.50244,619,3,0,0,0,100,100,100,60,60,None,78,78,None,990.79,990.79,None,None,None,0.01,5.6,5.2,6.0,5.6,5.6,7.7,7.1,8.4,7.7,7.7,5.2,4.9,5.6,7.9,7.5,8.4,7.9,7.9,17.7,17.2,18.3,11.4,11.2,11.6,124.7,127.3,122.1,1182,1146,1219,328,305,352,49,46,52,2,3,2,0,0,0,0,0,0,5.15,7.11,7.5,5.15,7.11,7.5,6.02,8.37,8.37,6.02,8.37,8.37,1640321,DUQ1DHALIEN6DQPZ,1640325,6S4L2IFWG5GLNKG5,1640323,SJBIKJUCN4Z46AL6,1640326,GEK1ZZUK8JCHMIDW,7.7,7.9,8.6,9.1,10.4,8.1,5.8,07-13-2022 09:10:12,7.7,7.9,8.6,9.1,10.4,8.1,5.8,07-13-2022 09:10:12,7.7,7.9,8.6,9.1,10.4,8.1,5.8,07-13-2022 09:10:12
V1.0.11-0.0.27,07-13-2022 09:10:12,07-13-2022 09:09:15,151702,07-08-2022 11:10:02,06-29-2022 08:29:07,07-13-2022 09:07:43,0,0,NHDES_katerr,0,0,PA-II-SD,2.0+OPENLOG+15476 MB+DS3231+BME280+PMSX003-B+PMSX003-A,35,7.00,-77,7156,228,15184,0,43.11861,-71.61618,885,3,0,0,0,100,100,100,47,47,None,85,85,None,980.29,980.29,None,None,None,0.01,5.1,5.0,5.1,5.1,5.1,7.1,7.2,7.0,7.1,7.1,5.4,5.5,5.2,7.6,8.1,7.2,7.6,7.6,18.7,18.8,18.5,11.8,11.8,11.7,120.4,119.9,121.0,1243,1252,1235,340,341,339,49,52,47,2,2,2,0,1,0,0,0,0,5.02,7.21,8.14,5.02,7.21,8.14,5.1,7.02,7.15,5.1,7.02,7.15,1784461,A0IJ036DV9SKCFLE,1784463,71A9CZ5UJ4YGTUQ2,1784462,E3XRJRWK9NZW79YP,1784464,NDDV7IN0FIAG3DCJ,7.1,7.6,8.6,9.1,10.4,8.1,2.2,07-13-2022 09:10:12,7.1,7.6,8.6,9.1,10.4,8.1,2.2,07-13-2022 09:10:12,7.1,7.6,8.6,9.1,10.4,8.1,2.2,07-13-2022 09:10:12
V1.0.11-0.0.27,07-13-2022 09:10:12,07-13-2022 09:09:15,151700,07-11-2022 09:59:26,06-29-2022 08:28:56,07-13-2022 09:08:02,0,0,"12 Noyes Street, Concord, NH",0,0,PA-II-SD,2.0+OPENLOG+15476 MB+DS3231+BME280+PMSX003-B+PMSX003-A,35,7.00,-68,2842,307,15184,5,43.19211,-71.54146,286,3,0,0,0,100,100,100,62,62,None,77,77,None,1001.12,1001.12,None,None,None,0.01,5.9,6.2,5.7,5.9,5.9,8.2,7.9,8.5,8.2,8.2,5.9,5.4,6.5,8.5,8.1,8.8,8.5,8.5,20.6,20.7,20.6,12.5,12.5,12.4,112.3,112.1,112.5,1374,1377,1371,385,386,384,52,42,63,1,0,2,0,0,0,0,0,0,6.16,7.89,8.13,6.16,7.89,8.13,5.71,8.51,8.82,5.71,8.51,8.82,1784457,PB81KISBP3EXW7K9,1784459,YZIRVQBCBJ133NTL,1784458,9LG3IVPJL6DTYT6P,1784460,0R1GJAA1UYAHT6R9,8.2,9.3,10.4,11.0,11.2,6.9,1.4,07-13-2022 09:10:12,8.2,9.3,10.4,11.0,11.2,6.9,1.4,07-13-2022 09:10:12,8.2,9.3,10.4,11.0,11.2,6.9,1.4,07-13-2022 09:10:12
V1.0.11-0.0.27,07-13-2022 09:20:12,07-13-2022 09:19:20,151708,07-12-2022 14:18:17,06-29-2022 08:29:43,07-13-2022 09:18:23,0,0,NH1,0,0,PA-II-SD,2.0+OPENLOG+31037 MB+DS3231+BME280+BME680+PMSX003-B+PMSX003-A,35,7.00,-75,2886,299,15072,5,43.192066,-71.54151,288,3,0,0,0,100,100,100,62,63,61,78,78,79,1001.57,1001.26,1001.88,30.2,30.24,0.0,2.4,2.6,2.2,2.4,2.4,4.9,4.8,5.0,4.9,4.9,3.1,3.0,3.2,5.4,5.2,5.6,5.4,5.4,None,None,None,None,None,None,None,None,None,405,436,375,351,350,353,19,17,21,0,0,0,0,0,0,0,0,0,2.63,4.85,5.2,2.63,4.85,5.2,2.18,5.0,5.56,2.18,5.0,5.56,1784473,RECLPTF41NFVAGZS,1784475,F5P8XN29WYFV4N87,1784474,SX1Z89WJKRZTSAKK,1784476,7LDKL9Q9YP56VMU9,4.9,5.7,6.6,7.3,8.0,5.0,1.0,07-13-2022 09:20:12,4.9,5.7,6.6,7.3,8.0,5.0,1.0,07-13-2022 09:20:12,4.9,5.7,6.6,7.3,8.0,5.0,1.0,07-13-2022 09:20:12
V1.0.11-0.0.27,07-13-2022 09:20:12,07-13-2022 09:19:20,143456,05-07-2022 10:46:33,01-25-2022 17:50:55,07-13-2022 09:17:34,0,0,Junder22,0,0,PA-II,2.0+BME280+PMSX003-B+PMSX003-A,35,7.00,-76,32529,268,15672,5,43.08963,-71.50244,619,3,0,0,0,100,100,100,58,58,None,79,79,None,990.82,990.82,None,None,None,0.01,5.2,4.5,5.9,5.2,5.2,7.0,6.4,7.6,7.0,7.0,5.0,4.8,5.2,7.3,6.4,8.3,7.3,7.3,16.9,16.1,17.7,11.1,10.7,11.4,129.0,133.2,124.7,1126,1071,1182,310,284,337,46,45,47,1,0,2,0,0,0,0,0,0,4.53,6.38,6.38,4.53,6.38,6.38,5.9,7.65,8.29,5.9,7.65,8.29,1640321,DUQ1DHALIEN6DQPZ,1640325,6S4L2IFWG5GLNKG5,1640323,SJBIKJUCN4Z46AL6,1640326,GEK1ZZUK8JCHMIDW,7.0,7.7,8.4,9.0,10.4,8.1,5.8,07-13-2022 09:20:12,7.0,7.7,8.4,9.0,10.4,8.1,5.8,07-13-2022 09:20:12,7.0,7.7,8.4,9.0,10.4,8.1,5.8,07-13-2022 09:20:12
V1.0.11-0.0.27,07-13-2022 09:20:13,07-13-2022 09:19:20,151702,07-08-2022 11:10:02,06-29-2022 08:29:07,07-13-2022 09:17:44,0,0,NHDES_katerr,0,0,PA-II-SD,2.0+OPENLOG+15476 MB+DS3231+BME280+PMSX003-B+PMSX003-A,35,7.00,-76,7166,231,15184,0,43.11861,-71.61618,885,3,0,0,0,100,100,100,46,46,None,86,86,None,980.31,980.31,None,None,None,0.01,4.5,4.3,4.7,4.5,4.5,6.6,6.7,6.6,6.6,6.6,5.4,5.4,5.4,7.6,8.0,7.3,7.6,7.6,18.5,18.3,18.8,11.7,11.6,11.8,121.0,122.2,119.9,1234,1218,1251,332,334,331,52,53,51,3,4,2,0,1,0,0,0,0,4.34,6.71,8.0,4.34,6.71,8.0,4.68,6.58,7.28,4.68,6.58,7.28,1784461,A0IJ036DV9SKCFLE,1784463,71A9CZ5UJ4YGTUQ2,1784462,E3XRJRWK9NZW79YP,1784464,NDDV7IN0FIAG3DCJ,6.6,7.2,8.3,8.9,10.3,8.1,2.2,07-13-2022 09:20:13,6.6,7.2,8.3,8.9,10.3,8.1,2.2,07-13-2022 09:20:13,6.6,7.2,8.3,8.9,10.3,8.1,2.2,07-13-2022 09:20:13
V1.0.11-0.0.27,07-13-2022 09:20:13,07-13-2022 09:19:20,151700,07-11-2022 09:59:26,06-29-2022 08:28:56,07-13-2022 09:18:02,0,0,"12 Noyes Street, Concord, NH",0,0,PA-II-SD,2.0+OPENLOG+15476 MB+DS3231+BME280+PMSX003-B+PMSX003-A,35,7.00,-67,2852,315,15184,5,43.19211,-71.54146,286,3,0,0,0,100,100,100,62,62,None,77,77,None,1001.13,1001.13,None,None,None,0.01,6.3,6.2,6.4,6.3,6.3,8.4,7.9,8.9,8.4,8.4,6.0,5.6,6.4,8.8,8.2,9.4,8.8,8.8,21.4,21.1,21.8,12.7,12.6,12.8,109.2,110.3,108.0,1429,1409,1450,401,397,405,52,46,59,2,2,2,0,0,0,0,0,0,6.15,7.91,8.16,6.15,7.91,8.16,6.37,8.88,9.37,6.37,8.88,9.37,1784457,PB81KISBP3EXW7K9,1784459,YZIRVQBCBJ133NTL,1784458,9LG3IVPJL6DTYT6P,1784460,0R1GJAA1UYAHT6R9,8.4,9.0,10.2,10.9,11.2,6.9,1.4,07-13-2022 09:20:13,8.4,9.0,10.2,10.9,11.2,6.9,1.4,07-13-2022 09:20:13,8.4,9.0,10.2,10.9,11.2,6.9,1.4,07-13-2022 09:20:13
V1.0.11-0.0.27,07-13-2022 09:30:11,07-13-2022 09:29:29,151708,07-12-2022 14:18:17,06-29-2022 08:29:43,07-13-2022 09:28:23,0,0,NH1,0,0,PA-II-SD,2.0+OPENLOG+31037 MB+DS3231+BME280+BME680+PMSX003-B+PMSX003-A,35,7.00,-75,2896,304,15072,5,43.192066,-71.54151,288,3,0,0,0,100,100,100,62,63,61,78,78,79,1001.64,1001.33,1001.94,26.2,26.24,0.0,1.4,1.4,1.3,1.4,1.4,5.0,5.6,4.5,5.0,5.0,2.9,3.2,2.7,5.2,5.8,4.5,5.2,5.2,None,None,None,None,None,None,None,None,None,397,425,369,337,341,334,18,21,15,0,0,0,0,0,0,0,0,0,1.44,5.62,5.85,1.44,5.62,5.85,1.33,4.46,4.48,1.33,4.46,4.48,1784473,RECLPTF41NFVAGZS,1784475,F5P8XN29WYFV4N87,1784474,SX1Z89WJKRZTSAKK,1784476,7LDKL9Q9YP56VMU9,5.0,5.5,6.4,7.1,8.0,5.0,1.0,07-13-2022 09:30:11,5.0,5.5,6.4,7.1,8.0,5.0,1.0,07-13-2022 09:30:11,5.0,5.5,6.4,7.1,8.0,5.0,1.0,07-13-2022 09:30:11
V1.0.11-0.0.27,07-13-2022 09:30:12,07-13-2022 09:29:29,143456,05-07-2022 10:46:33,01-25-2022 17:50:55,07-13-2022 09:27:34,0,0,Junder22,0,0,PA-II,2.0+BME280+PMSX003-B+PMSX003-A,35,7.00,-76,32539,291,15672,5,43.08963,-71.50244,619,3,0,0,0,100,100,100,58,58,None,80,80,None,990.78,990.78,None,None,None,0.01,5.9,6.4,5.4,5.9,5.9,7.4,7.7,7.1,7.4,7.4,4.6,4.7,4.5,7.5,7.9,7.2,7.5,7.5,18.6,20.8,16.4,11.7,12.5,10.9,121.3,111.4,131.2,1242,1389,1096,341,375,307,34,31,38,1,1,1,0,0,0,0,0,0,6.4,7.74,7.92,6.4,7.74,7.92,5.43,7.06,7.15,5.43,7.06,7.15,1640321,DUQ1DHALIEN6DQPZ,1640325,6S4L2IFWG5GLNKG5,1640323,SJBIKJUCN4Z46AL6,1640326,GEK1ZZUK8JCHMIDW,7.4,7.6,8.2,8.9,10.4,8.1,5.8,07-13-2022 09:30:12,7.4,7.6,8.2,8.9,10.4,8.1,5.8,07-13-2022 09:30:12,7.4,7.6,8.2,8.9,10.4,8.1,5.8,07-13-2022 09:30:12
V1.0.11-0.0.27,07-13-2022 09:30:12,07-13-2022 09:29:29,151702,07-08-2022 11:10:02,06-29-2022 08:29:07,07-13-2022 09:27:43,0,0,NHDES_katerr,0,0,PA-II-SD,2.0+OPENLOG+15476 MB+DS3231+BME280+PMSX003-B+PMSX003-A,35,7.00,-75,7176,225,15184,0,43.11861,-71.61618,885,3,0,0,0,100,100,100,44,44,None,86,86,None,980.31,980.31,None,None,None,0.01,4.4,4.5,4.3,4.4,4.4,6.4,6.9,5.9,6.4,6.4,5.0,5.0,4.9,6.7,7.2,6.2,6.7,6.7,18.1,18.2,17.9,11.5,11.6,11.5,123.1,122.4,123.8,1204,1214,1195,319,325,313,44,45,43,1,2,1,0,0,0,0,0,0,4.51,6.86,7.22,4.51,6.86,7.22,4.26,5.88,6.16,4.26,5.88,6.16,1784461,A0IJ036DV9SKCFLE,1784463,71A9CZ5UJ4YGTUQ2,1784462,E3XRJRWK9NZW79YP,1784464,NDDV7IN0FIAG3DCJ,6.4,7.0,8.0,8.8,10.2,8.1,2.2,07-13-2022 09:30:12,6.4,7.0,8.0,8.8,10.2,8.1,2.2,07-13-2022 09:30:12,6.4,7.0,8.0,8.8,10.2,8.1,2.2,07-13-2022 09:30:12
V1.0.11-0.0.27,07-13-2022 09:30:13,07-13-2022 09:29:29,151700,07-11-2022 09:59:26,06-29-2022 08:28:56,07-13-2022 09:28:02,0,0,"12 Noyes Street, Concord, NH",0,0,PA-II-SD,2.0+OPENLOG+15476 MB+DS3231+BME280+PMSX003-B+PMSX003-A,35,7.00,-71,2862,266,15184,5,43.19211,-71.54146,286,3,0,0,0,100,100,100,61,61,None,77,77,None,1001.16,1001.16,None,None,None,0.01,5.7,6.4,4.9,5.7,5.7,8.2,8.7,7.8,8.2,8.2,5.4,5.5,5.3,8.5,8.8,8.1,8.5,8.5,19.9,20.9,18.8,12.2,12.6,11.8,115.4,111.0,119.9,1324,1396,1252,372,401,344,47,47,48,3,4,3,0,0,0,0,0,0,6.41,8.71,8.82,6.41,8.71,8.82,4.92,7.75,8.12,4.92,7.75,8.12,1784457,PB81KISBP3EXW7K9,1784459,YZIRVQBCBJ133NTL,1784458,9LG3IVPJL6DTYT6P,1784460,0R1GJAA1UYAHT6R9,8.2,8.8,9.8,10.6,11.1,6.9,1.4,07-13-2022 09:30:13,8.2,8.8,9.8,10.6,11.1,6.9,1.4,07-13-2022 09:30:13,8.2,8.8,9.8,10.6,11.1,6.9,1.4,07-13-2022 09:30:13
V1.0.11-0.0.27,07-13-2022 09:40:12,07-13-2022 09:39:35,151708,07-12-2022 14:18:17,06-29-2022 08:29:43,07-13-2022 09:38:23,0,0,NH1,0,0,PA-II-SD,2.0+OPENLOG+31037 MB+DS3231+BME280+BME680+PMSX003-B+PMSX003-A,35,7.00,-79,2906,310,15072,5,43.192066,-71.54151,288,3,0,0,0,100,100,100,61,62,60,79,79,80,1001.62,1001.3,1001.94,26.1,26.14,0.0,2.1,2.1,2.1,2.1,2.1,4.6,4.5,4.6,4.6,4.6,2.5,2.3,2.7,4.9,4.7,5.0,4.9,4.9,None,None,None,None,None,None,None,None,None,377,411,344,327,330,325,11,7,16,0,0,0,0,0,0,0,0,0,2.13,4.54,4.72,2.13,4.54,4.72,2.06,4.62,5.04,2.06,4.62,5.04,1784473,RECLPTF41NFVAGZS,1784475,F5P8XN29WYFV4N87,1784474,SX1Z89WJKRZTSAKK,1784476,7LDKL9Q9YP56VMU9,4.6,5.0,6.0,6.9,7.9,5.0,1.0,07-13-2022 09:40:12,4.6,5.0,6.0,6.9,7.9,5.0,1.0,07-13-2022 09:40:12,4.6,5.0,6.0,6.9,7.9,5.0,1.0,07-13-2022 09:40:12
V1.0.11-0.0.27,07-13-2022 09:40:12,07-13-2022 09:39:35,143456,05-07-2022 10:46:33,01-25-2022 17:50:55,07-13-2022 09:35:34,0,0,Junder22,0,0,PA-II,2.0+BME280+PMSX003-B+PMSX003-A,35,7.00,-75,32547,280,15504,5,43.08963,-71.50244,619,3,0,0,0,100,100,100,56,56,None,81,81,None,990.88,990.88,None,None,None,0.01,5.2,5.4,5.0,5.2,5.2,7.0,7.4,6.6,7.0,7.0,4.4,4.7,4.2,7.2,7.8,6.6,7.2,7.2,16.0,16.8,15.1,10.7,11.0,10.3,133.9,129.2,138.6,1064,1121,1008,295,302,288,39,43,35,2,3,1,0,0,0,0,0,0,5.4,7.44,7.85,5.4,7.44,7.85,4.96,6.65,6.65,4.96,6.65,6.65,1640321,DUQ1DHALIEN6DQPZ,1640325,6S4L2IFWG5GLNKG5,1640323,SJBIKJUCN4Z46AL6,1640326,GEK1ZZUK8JCHMIDW,7.0,7.4,8.1,8.8,10.3,8.1,5.8,07-13-2022 09:40:12,7.0,7.4,8.1,8.8,10.3,8.1,5.8,07-13-2022 09:40:12,7.0,7.4,8.1,8.8,10.3,8.1,5.8,07-13-2022 09:40:12
V1.0.11-0.0.27,07-13-2022 09:40:12,07-13-2022 09:39:35,151702,07-08-2022 11:10:02,06-29-2022 08:29:07,07-13-2022 09:37:43,0,0,NHDES_katerr,0,0,PA-II-SD,2.0+OPENLOG+15476 MB+DS3231+BME280+PMSX003-B+PMSX003-A,35,7.00,-77,7186,226,15184,0,43.11861,-71.61618,885,3,0,0,0,100,100,100,42,42,None,88,88,None,980.41,980.41,None,None,None,0.01,4.4,4.5,4.4,4.4,4.4,6.3,6.5,6.1,6.3,6.3,4.8,5.0,4.6,6.5,6.8,6.2,6.5,6.5,17.1,17.2,17.0,11.2,11.2,11.1,127.8,127.2,128.5,1139,1148,1131,307,314,301,42,45,40,1,1,2,0,0,0,0,0,0,4.51,6.51,6.75,4.51,6.51,6.75,4.38,6.07,6.23,4.38,6.07,6.23,1784461,A0IJ036DV9SKCFLE,1784463,71A9CZ5UJ4YGTUQ2,1784462,E3XRJRWK9NZW79YP,1784464,NDDV7IN0FIAG3DCJ,6.3,6.8,7.8,8.6,10.2,8.1,2.2,07-13-2022 09:40:12,6.3,6.8,7.8,8.6,10.2,8.1,2.2,07-13-2022 09:40:12,6.3,6.8,7.8,8.6,10.2,8.1,2.2,07-13-2022 09:40:12
V1.0.11-0.0.27,07-13-2022 09:40:13,07-13-2022 09:39:35,151700,07-11-2022 09:59:26,06-29-2022 08:28:56,07-13-2022 09:38:02,0,0,"12 Noyes Street, Concord, NH",0,0,PA-II-SD,2.0+OPENLOG+15476 MB+DS3231+BME280+PMSX003-B+PMSX003-A,35,7.00,-67,2872,264,15184,5,43.19211,-71.54146,286,3,0,0,0,100,100,100,60,60,None,78,78,None,1001.12,1001.12,None,None,None,0.01,5.1,5.2,5.1,5.1,5.1,7.5,7.1,8.0,7.5,7.5,5.3,4.9,5.7,7.9,7.4,8.3,7.9,7.9,19.5,19.4,19.6,12.1,12.0,12.1,116.6,117.0,116.2,1302,1296,1309,360,361,359,46,39,53,2,2,2,0,0,0,0,0,0,5.19,7.09,7.42,5.19,7.09,7.42,5.07,7.95,8.29,5.07,7.95,8.29,1784457,PB81KISBP3EXW7K9,1784459,YZIRVQBCBJ133NTL,1784458,9LG3IVPJL6DTYT6P,1784460,0R1GJAA1UYAHT6R9,7.5,8.4,9.5,10.4,11.0,6.9,1.4,07-13-2022 09:40:13,7.5,8.4,9.5,10.4,11.0,6.9,1.4,07-13-2022 09:40:13,7.5,8.4,9.5,10.4,11.0,6.9,1.4,07-13-2022 09:40:13
V1.0.11-0.0.27,07-13-2022 09:50:12,07-13-2022 09:49:39,151708,07-12-2022 14:18:17,06-29-2022 08:29:43,07-13-2022 09:48:23,0,0,NH1,0,0,PA-II-SD,2.0+OPENLOG+31037 MB+DS3231+BME280+BME680+PMSX003-B+PMSX003-A,35,7.00,-75,2916,298,15072,5,43.192066,-71.54151,288,3,0,0,0,100,100,100,60,61,60,79,79,80,1001.66,1001.35,1001.97,26.3,26.32,0.0,2.1,2.1,2.1,2.1,2.1,4.4,4.0,4.8,4.4,4.4,2.8,2.9,2.7,4.5,4.1,4.9,4.5,4.5,None,None,None,None,None,None,None,None,None,353,387,319,300,310,291,18,19,18,0,0,0,0,0,0,0,0,0,2.11,4.0,4.09,2.11,4.0,4.09,2.13,4.85,4.93,2.13,4.85,4.93,1784473,RECLPTF41NFVAGZS,1784475,F5P8XN29WYFV4N87,1784474,SX1Z89WJKRZTSAKK,1784476,7LDKL9Q9YP56VMU9,4.4,4.7,5.8,6.6,7.9,5.0,1.0,07-13-2022 09:50:12,4.4,4.7,5.8,6.6,7.9,5.0,1.0,07-13-2022 09:50:12,4.4,4.7,5.8,6.6,7.9,5.0,1.0,07-13-2022 09:50:12
V1.0.11-0.0.27,07-13-2022 09:50:12,07-13-2022 09:49:39,143456,05-07-2022 10:46:33,01-25-2022 17:50:55,07-13-2022 09:49:35,0,0,Junder22,0,0,PA-II,2.0+BME280+PMSX003-B+PMSX003-A,35,7.00,-74,32561,1065,15840,5,43.08963,-71.50244,619,3,0,0,0,100,100,100,54,54,None,81,81,None,990.8,990.8,None,None,None,0.01,5.1,5.2,5.1,5.1,5.1,6.5,6.2,6.9,6.5,6.5,4.5,4.2,4.7,6.6,6.4,6.9,6.6,6.6,15.8,16.6,15.0,10.6,10.9,10.3,134.8,130.5,139.1,1053,1105,1002,291,295,287,39,33,45,0,0,1,0,0,0,0,0,0,5.18,6.16,6.4,5.18,6.16,6.4,5.1,6.9,6.9,5.1,6.9,6.9,1640321,DUQ1DHALIEN6DQPZ,1640325,6S4L2IFWG5GLNKG5,1640323,SJBIKJUCN4Z46AL6,1640326,GEK1ZZUK8JCHMIDW,6.5,7.2,7.9,8.6,10.2,8.1,5.8,07-13-2022 09:50:12,6.5,7.2,7.9,8.6,10.2,8.1,5.8,07-13-2022 09:50:12,6.5,7.2,7.9,8.6,10.2,8.1,5.8,07-13-2022 09:50:12
V1.0.11-0.0.27,07-13-2022 09:50:12,07-13-2022 09:49:39,151702,07-08-2022 11:10:02,06-29-2022 08:29:07,07-13-2022 09:47:43,0,0,NHDES_katerr,0,0,PA-II-SD,2.0+OPENLOG+15476 MB+DS3231+BME280+PMSX003-B+PMSX003-A,35,7.00,-77,7196,217,15184,0,43.11861,-71.61618,885,3,0,0,0,100,100,100,41,41,None,89,89,None,980.43,980.43,None,None,None,0.01,3.9,4.2,3.7,3.9,3.9,5.9,6.6,5.1,5.9,5.9,4.7,5.3,4.2,6.0,6.8,5.2,6.0,6.0,16.4,16.8,16.0,10.9,11.0,10.7,131.6,129.5,133.8,1091,1118,1064,293,305,282,43,52,35,1,2,1,0,0,0,0,0,0,4.22,6.62,6.84,4.22,6.62,6.84,3.66,5.1,5.15,3.66,5.1,5.15,1784461,A0IJ036DV9SKCFLE,1784463,71A9CZ5UJ4YGTUQ2,1784462,E3XRJRWK9NZW79YP,1784464,NDDV7IN0FIAG3DCJ,5.9,6.4,7.6,8.4,10.1,8.1,2.2,07-13-2022 09:50:12,5.9,6.4,7.6,8.4,10.1,8.1,2.2,07-13-2022 09:50:12,5.9,6.4,7.6,8.4,10.1,8.1,2.2,07-13-2022 09:50:12
V1.0.11-0.0.27,07-13-2022 09:50:13,07-13-2022 09:49:39,151700,07-11-2022 09:59:26,06-29-2022 08:28:56,07-13-2022 09:48:02,0,0,"12 Noyes Street, Concord, NH",0,0,PA-II-SD,2.0+OPENLOG+15476 MB+DS3231+BME280+PMSX003-B+PMSX003-A,35,7.00,-66,2882,271,15184,5,43.19211,-71.54146,286,3,0,0,0,100,100,100,59,59,None,78,78,None,1001.17,1001.17,None,None,None,0.01,4.6,4.4,4.7,4.6,4.6,7.2,6.8,7.6,7.2,7.2,5.3,5.1,5.5,7.4,6.8,7.9,7.4,7.4,18.0,18.3,17.8,11.5,11.6,11.4,123.3,122.1,124.5,1202,1219,1185,338,341,336,48,43,53,2,1,3,0,0,0,0,0,0,4.4,6.85,6.85,4.4,6.85,6.85,4.74,7.56,7.93,4.74,7.56,7.93,1784457,PB81KISBP3EXW7K9,1784459,YZIRVQBCBJ133NTL,1784458,9LG3IVPJL6DTYT6P,1784460,0R1GJAA1UYAHT6R9,7.2,8.0,9.2,10.2,11.0,6.9,1.4,07-13-2022 09:50:13,7.2,8.0,9.2,10.2,11.0,6.9,1.4,07-13-2022 09:50:13,7.2,8.0,9.2,10.2,11.0,6.9,1.4,07-13-2022 09:50:13
V1.0.11-0.0.27,07-13-2022 10:00:53,07-13-2022 10:00:45,151708,07-12-2022 14:18:17,06-29-2022 08:29:43,07-13-2022 10:00:23,0,0,NH1,0,0,PA-II-SD,2.0+OPENLOG+31037 MB+DS3231+BME280+BME680+PMSX003-B+PMSX003-A,35,7.00,-74,2928,273,15072,5,43.192066,-71.54151,288,3,0,0,0,100,100,100,60,61,59,79,79,80,1001.74,1001.43,1002.05,27.1,27.06,0.0,1.4,1.6,1.2,1.4,1.4,4.1,3.8,4.5,4.1,4.1,2.3,2.3,2.2,4.4,3.8,5.0,4.4,4.4,None,None,None,None,None,None,None,None,None,355,375,336,305,298,313,9,11,8,0,0,0,0,0,0,0,0,0,1.6,3.79,3.81,1.6,3.79,3.81,1.24,4.47,5.0,1.24,4.47,5.0,1784473,RECLPTF41NFVAGZS,1784475,F5P8XN29WYFV4N87,1784474,SX1Z89WJKRZTSAKK,1784476,7LDKL9Q9YP56VMU9,4.1,4.4,5.4,6.4,7.8,5.0,1.0,07-13-2022 10:00:53,4.1,4.4,5.4,6.4,7.8,5.0,1.0,07-13-2022 10:00:53,4.1,4.4,5.4,6.4,7.8,5.0,1.0,07-13-2022 10:00:53
V1.0.11-0.0.27,07-13-2022 10:00:54,07-13-2022 10:00:45,143456,05-07-2022 10:46:33,01-25-2022 17:50:55,07-13-2022 09:57:38,0,0,Junder22,0,0,PA-II,2.0+BME280+PMSX003-B+PMSX003-A,35,7.00,-81,32569,7577,15840,5,43.08963,-71.50244,619,3,0,0,0,100,100,100,52,52,None,81,81,None,990.81,990.81,None,None,None,0.01,5.3,4.8,5.8,5.3,5.3,7.2,6.7,7.7,7.2,7.2,4.6,4.7,4.6,7.3,6.9,7.7,7.3,7.3,17.0,17.6,16.3,11.1,11.4,10.8,128.5,125.1,131.9,1131,1176,1087,304,298,310,40,41,40,2,2,2,0,0,0,0,0,0,4.83,6.66,6.94,4.83,6.66,6.94,5.75,7.67,7.73,5.75,7.67,7.73,1640321,DUQ1DHALIEN6DQPZ,1640325,6S4L2IFWG5GLNKG5,1640323,SJBIKJUCN4Z46AL6,1640326,GEK1ZZUK8JCHMIDW,7.2,7.2,7.8,8.5,10.2,8.1,5.8,07-13-2022 10:00:54,7.2,7.2,7.8,8.5,10.2,8.1,5.8,07-13-2022 10:00:54,7.2,7.2,7.8,8.5,10.2,8.1,5.8,07-13-2022 10:00:54
V1.0.11-0.0.27,07-13-2022 10:00:54,07-13-2022 10:00:45,151702,07-08-2022 11:10:02,06-29-2022 08:29:07,07-13-2022 09:59:44,0,0,NHDES_katerr,0,0,PA-II-SD,2.0+OPENLOG+15476 MB+DS3231+BME280+PMSX003-B+PMSX003-A,35,7.00,-77,7208,220,15184,0,43.11861,-71.61618,885,3,0,0,0,100,100,100,39,39,None,90,90,None,980.49,980.49,None,None,None,0.01,4.0,3.8,4.2,4.0,4.0,5.4,5.6,5.2,5.4,5.4,4.1,4.1,4.2,5.7,6.0,5.5,5.7,5.7,15.8,15.0,16.5,10.6,10.3,10.9,134.9,139.1,130.7,1052,1002,1102,284,279,290,34,36,33,2,3,1,0,0,0,0,0,0,3.78,5.64,6.02,3.78,5.64,6.02,4.24,5.24,5.47,4.24,5.24,5.47,1784461,A0IJ036DV9SKCFLE,1784463,71A9CZ5UJ4YGTUQ2,1784462,E3XRJRWK9NZW79YP,1784464,NDDV7IN0FIAG3DCJ,5.4,6.0,7.2,8.1,10.0,8.1,2.2,07-13-2022 10:00:54,5.4,6.0,7.2,8.1,10.0,8.1,2.2,07-13-2022 10:00:54,5.4,6.0,7.2,8.1,10.0,8.1,2.2,07-13-2022 10:00:54
V1.0.11-0.0.27,07-13-2022 10:00:54,07-13-2022 10:00:45,151700,07-11-2022 09:59:26,06-29-2022 08:28:56,07-13-2022 10:00:02,0,0,"12 Noyes Street, Concord, NH",0,0,PA-II-SD,2.0+OPENLOG+15476 MB+DS3231+BME280+PMSX003-B+PMSX003-A,35,7.00,-70,2894,292,15184,5,43.19211,-71.54146,286,3,0,0,0,100,100,100,58,58,None,78,78,None,1001.28,1001.28,None,None,None,0.01,4.8,4.6,5.0,4.8,4.8,6.6,6.1,7.0,6.6,6.6,4.7,4.4,5.1,7.0,6.5,7.6,7.0,7.0,17.1,17.2,16.9,11.1,11.2,11.1,128.0,127.3,128.7,1137,1146,1128,325,326,325,40,34,47,2,2,2,0,0,0,0,0,0,4.58,6.06,6.53,4.58,6.06,6.53,4.98,7.04,7.55,4.98,7.04,7.55,1784457,PB81KISBP3EXW7K9,1784459,YZIRVQBCBJ133NTL,1784458,9LG3IVPJL6DTYT6P,1784460,0R1GJAA1UYAHT6R9,6.6,7.3,8.7,9.8,11.0,6.9,1.4,07-13-2022 10:00:54,6.6,7.3,8.7,9.8,11.0,6.9,1.4,07-13-2022 10:00:54,6.6,7.3,8.7,9.8,11.0,6.9,1.4,07-13-2022 10:00:54
V1.0.11-0.0.27,07-13-2022 10:10:16,07-13-2022 10:09:50,151708,07-12-2022 14:18:17,06-29-2022 08:29:43,07-13-2022 10:08:23,0,0,NH1,0,0,PA-II-SD,2.0+OPENLOG+31037 MB+DS3231+BME280+BME680+PMSX003-B+PMSX003-A,35,7.00,-73,2936,270,15072,5,43.192066,-71.54151,288,3,0,0,0,100,100,100,59,60,58,79,79,80,1001.72,1001.42,1002.02,26.9,26.94,0.0,1.0,0.3,1.7,1.0,1.0,3.4,2.7,4.1,3.4,3.4,2.3,2.2,2.4,3.6,2.8,4.3,3.6,3.6,None,None,None,None,None,None,None,None,None,326,350,302,273,268,278,12,11,14,0,0,0,0,0,0,0,0,0,0.33,2.69,2.85,0.33,2.69,2.85,1.66,4.09,4.34,1.66,4.09,4.34,1784473,RECLPTF41NFVAGZS,1784475,F5P8XN29WYFV4N87,1784474,SX1Z89WJKRZTSAKK,1784476,7LDKL9Q9YP56VMU9,3.4,4.2,5.2,6.2,7.8,5.0,1.0,07-13-2022 10:10:16,3.4,4.2,5.2,6.2,7.8,5.0,1.0,07-13-2022 10:10:16,3.4,4.2,5.2,6.2,7.8,5.0,1.0,07-13-2022 10:10:16
V1.0.11-0.0.27,07-13-2022 10:10:19,07-13-2022 10:09:50,143456,05-07-2022 10:46:33,01-25-2022 17:50:55,07-13-2022 10:07:48,0,0,Junder22,0,0,PA-II,2.0+BME280+PMSX003-B+PMSX003-A,35,7.00,-76,32579,8360,15672,5,43.08963,-71.50244,619,3,0,0,0,100,100,100,51,51,None,83,83,None,990.88,990.88,None,None,None,0.01,5.1,4.5,5.7,5.1,5.1,6.8,6.1,7.4,6.8,6.8,4.5,4.2,4.9,6.8,6.1,7.4,6.8,6.8,16.1,16.7,15.4,10.7,11.0,10.5,133.3,129.9,136.7,1071,1112,1030,298,286,311,39,34,45,1,1,1,0,0,0,0,0,0,4.51,6.09,6.09,4.51,6.09,6.09,5.69,7.43,7.43,5.69,7.43,7.43,1640321,DUQ1DHALIEN6DQPZ,1640325,6S4L2IFWG5GLNKG5,1640323,SJBIKJUCN4Z46AL6,1640326,GEK1ZZUK8JCHMIDW,6.8,6.9,7.6,8.4,10.2,8.1,5.8,07-13-2022 10:10:19,6.8,6.9,7.6,8.4,10.2,8.1,5.8,07-13-2022 10:10:19,6.8,6.9,7.6,8.4,10.2,8.1,5.8,07-13-2022 10:10:19
V1.0.11-0.0.27,07-13-2022 10:10:20,07-13-2022 10:09:50,151702,07-08-2022 11:10:02,06-29-2022 08:29:07,07-13-2022 10:09:44,0,0,NHDES_katerr,0,0,PA-II-SD,2.0+OPENLOG+15476 MB+DS3231+BME280+PMSX003-B+PMSX003-A,35,7.00,-78,7218,229,15184,0,43.11861,-71.61618,885,3,0,0,0,100,100,100,36,36,None,89,89,None,980.59,980.59,None,None,None,0.01,4.0,4.1,3.8,4.0,4.0,5.9,6.6,5.2,5.9,5.9,4.3,4.6,4.0,6.0,6.8,5.2,6.0,6.0,16.0,16.0,16.0,10.7,10.7,10.7,133.5,133.5,133.5,1067,1067,1067,280,287,274,39,45,33,2,4,1,0,0,0,0,0,0,4.14,6.55,6.84,4.14,6.55,6.84,3.79,5.19,5.19,3.79,5.19,5.19,1784461,A0IJ036DV9SKCFLE,1784463,71A9CZ5UJ4YGTUQ2,1784462,E3XRJRWK9NZW79YP,1784464,NDDV7IN0FIAG3DCJ,5.9,5.8,7.0,7.9,10.0,8.0,2.2,07-13-2022 10:10:20,5.9,5.8,7.0,7.9,10.0,8.0,2.2,07-13-2022 10:10:20,5.9,5.8,7.0,7.9,10.0,8.0,2.2,07-13-2022 10:10:20
V1.0.11-0.0.27,07-13-2022 10:10:20,07-13-2022 10:09:50,151700,07-11-2022 09:59:26,06-29-2022 08:28:56,07-13-2022 10:08:02,0,0,"12 Noyes Street, Concord, NH",0,0,PA-II-SD,2.0+OPENLOG+15476 MB+DS3231+BME280+PMSX003-B+PMSX003-A,35,7.00,-70,2902,298,15184,5,43.19211,-71.54146,286,3,0,0,0,100,100,100,58,58,None,78,78,None,1001.26,1001.26,None,None,None,0.01,4.0,4.1,3.8,4.0,4.0,5.9,5.5,6.3,5.9,5.9,4.8,4.4,5.1,6.0,5.5,6.4,6.0,6.0,16.2,16.4,15.9,10.8,10.9,10.7,132.7,131.5,133.9,1077,1092,1062,302,305,299,43,36,51,1,1,2,0,0,0,0,0,0,4.07,5.52,5.52,4.07,5.52,5.52,3.83,6.28,6.44,3.83,6.28,6.44,1784457,PB81KISBP3EXW7K9,1784459,YZIRVQBCBJ133NTL,1784458,9LG3IVPJL6DTYT6P,1784460,0R1GJAA1UYAHT6R9,5.9,7.0,8.4,9.6,10.9,6.9,1.4,07-13-2022 10:10:20,5.9,7.0,8.4,9.6,10.9,6.9,1.4,07-13-2022 10:10:20,5.9,7.0,8.4,9.6,10.9,6.9,1.4,07-13-2022 10:10:20
V1.0.11-0.0.27,07-13-2022 10:20:12,07-13-2022 10:19:56,151708,07-12-2022 14:18:17,06-29-2022 08:29:43,07-13-2022 10:18:23,0,0,NH1,0,0,PA-II-SD,2.0+OPENLOG+31037 MB+DS3231+BME280+BME680+PMSX003-B+PMSX003-A,35,7.00,-76,2946,284,15072,5,43.192066,-71.54151,288,3,0,0,0,100,100,100,57,58,56,80,79,81,1001.76,1001.44,1002.08,25.4,25.41,0.0,0.2,0.3,0.1,0.2,0.2,2.1,3.2,1.1,2.1,2.1,1.5,1.5,1.4,2.2,3.3,1.1,2.2,2.2,None,None,None,None,None,None,None,None,None,290,324,257,247,260,234,1,0,2,0,0,0,0,0,0,0,0,0,0.33,3.18,3.27,0.33,3.18,3.27,0.09,1.09,1.09,0.09,1.09,1.09,1784473,RECLPTF41NFVAGZS,1784475,F5P8XN29WYFV4N87,1784474,SX1Z89WJKRZTSAKK,1784476,7LDKL9Q9YP56VMU9,2.1,3.6,4.8,6.0,7.7,5.0,1.0,07-13-2022 10:20:12,2.1,3.6,4.8,6.0,7.7,5.0,1.0,07-13-2022 10:20:12,2.1,3.6,4.8,6.0,7.7,5.0,1.0,07-13-2022 10:20:12
V1.0.11-0.0.27,07-13-2022 10:20:12,07-13-2022 10:19:56,143456,05-07-2022 10:46:33,01-25-2022 17:50:55,07-13-2022 10:19:34,0,0,Junder22,0,0,PA-II,2.0+BME280+PMSX003-B+PMSX003-A,35,7.00,-77,32591,307,15672,5,43.08963,-71.50244,619,3,0,0,0,100,100,100,52,52,None,82,82,None,990.94,990.94,None,None,None,0.01,5.0,4.5,5.5,5.0,5.0,7.1,6.0,8.1,7.1,7.1,4.5,4.1,4.9,7.2,6.0,8.4,7.2,7.2,15.9,15.4,16.3,10.7,10.5,10.8,134.4,136.7,132.0,1057,1029,1086,283,264,303,41,35,48,1,0,3,0,0,0,0,0,0,4.46,6.0,6.0,4.46,6.0,6.0,5.5,8.13,8.37,5.5,8.13,8.37,1640321,DUQ1DHALIEN6DQPZ,1640325,6S4L2IFWG5GLNKG5,1640323,SJBIKJUCN4Z46AL6,1640326,GEK1ZZUK8JCHMIDW,7.1,6.8,7.5,8.2,10.2,8.1,5.8,07-13-2022 10:20:12,7.1,6.8,7.5,8.2,10.2,8.1,5.8,07-13-2022 10:20:12,7.1,6.8,7.5,8.2,10.2,8.1,5.8,07-13-2022 10:20:12
V1.0.11-0.0.27,07-13-2022 10:20:12,07-13-2022 10:19:56,151702,07-08-2022 11:10:02,06-29-2022 08:29:07,07-13-2022 10:19:44,0,0,NHDES_katerr,0,0,PA-II-SD,2.0+OPENLOG+15476 MB+DS3231+BME280+PMSX003-B+PMSX003-A,35,7.00,-77,7228,226,15184,0,43.11861,-71.61618,885,3,0,0,0,100,100,100,38,38,None,90,90,None,980.6,980.6,None,None,None,0.01,3.2,3.8,2.8,3.2,3.2,4.9,5.3,4.4,4.9,4.9,4.1,4.1,4.0,5.4,6.2,4.5,5.4,5.4,15.2,15.9,14.4,10.4,10.7,10.0,138.5,134.1,142.9,1010,1060,961,273,284,263,35,36,35,2,3,1,0,1,0,0,0,0,3.75,5.33,6.24,3.75,5.33,6.24,2.75,4.44,4.54,2.75,4.44,4.54,1784461,A0IJ036DV9SKCFLE,1784463,71A9CZ5UJ4YGTUQ2,1784462,E3XRJRWK9NZW79YP,1784464,NDDV7IN0FIAG3DCJ,4.9,5.6,6.6,7.7,9.9,8.0,2.2,07-13-2022 10:20:12,4.9,5.6,6.6,7.7,9.9,8.0,2.2,07-13-2022 10:20:12,4.9,5.6,6.6,7.7,9.9,8.0,2.2,07-13-2022 10:20:12
V1.0.11-0.0.27,07-13-2022 10:20:13,07-13-2022 10:19:56,151700,07-11-2022 09:59:26,06-29-2022 08:28:56,07-13-2022 10:18:02,0,0,"12 Noyes Street, Concord, NH",0,0,PA-II-SD,2.0+OPENLOG+15476 MB+DS3231+BME280+PMSX003-B+PMSX003-A,35,7.00,-68,2912,372,15184,5,43.19211,-71.54146,286,3,0,0,0,100,100,100,56,56,None,78,78,None,1001.32,1001.32,None,None,None,0.01,3.7,4.0,3.4,3.7,3.7,5.7,5.8,5.7,5.7,5.7,4.4,4.1,4.6,5.8,5.8,5.8,5.8,5.8,15.1,15.6,14.5,10.3,10.6,10.1,139.0,135.6,142.4,1004,1042,966,281,288,274,40,35,45,2,2,2,0,0,0,0,0,0,3.95,5.8,5.8,3.95,5.8,5.8,3.39,5.66,5.82,3.39,5.66,5.82,1784457,PB81KISBP3EXW7K9,1784459,YZIRVQBCBJ133NTL,1784458,9LG3IVPJL6DTYT6P,1784460,0R1GJAA1UYAHT6R9,5.7,6.6,8.0,9.3,10.8,6.9,1.4,07-13-2022 10:20:13,5.7,6.6,8.0,9.3,10.8,6.9,1.4,07-13-2022 10:20:13,5.7,6.6,8.0,9.3,10.8,6.9,1.4,07-13-2022 10:20:13
V1.0.11-0.0.27,07-13-2022 10:30:12,07-13-2022 10:30:01,151708,07-12-2022 14:18:17,06-29-2022 08:29:43,07-13-2022 10:28:24,0,0,NH1,0,0,PA-II-SD,2.0+OPENLOG+31037 MB+DS3231+BME280+BME680+PMSX003-B+PMSX003-A,35,7.00,-74,2956,691,15072,5,43.192066,-71.54151,288,3,0,0,0,100,100,100,56,57,55,80,80,81,1001.76,1001.45,1002.07,28.1,28.14,0.0,0.3,0.5,0.0,0.3,0.3,2.5,2.9,2.1,2.5,2.5,1.4,1.4,1.4,2.6,3.1,2.1,2.6,2.6,None,None,None,None,None,None,None,None,None,282,298,267,243,237,249,0,1,0,0,0,0,0,0,0,0,0,0,0.51,2.89,3.07,0.51,2.89,3.07,0.04,2.11,2.13,0.04,2.11,2.13,1784473,RECLPTF41NFVAGZS,1784475,F5P8XN29WYFV4N87,1784474,SX1Z89WJKRZTSAKK,1784476,7LDKL9Q9YP56VMU9,2.5,3.0,4.4,5.6,7.6,5.0,1.0,07-13-2022 10:30:12,2.5,3.0,4.4,5.6,7.6,5.0,1.0,07-13-2022 10:30:12,2.5,3.0,4.4,5.6,7.6,5.0,1.0,07-13-2022 10:30:12
V1.0.11-0.0.27,07-13-2022 10:30:12,07-13-2022 10:30:01,143456,05-07-2022 10:46:33,01-25-2022 17:50:55,07-13-2022 10:29:35,0,0,Junder22,0,0,PA-II,2.0+BME280+PMSX003-B+PMSX003-A,35,7.00,-77,32601,7927,15672,5,43.08963,-71.50244,619,3,0,0,0,100,100,100,50,50,None,82,82,None,991.05,991.05,None,None,None,0.01,4.2,4.2,4.3,4.2,4.2,5.7,5.4,5.9,5.7,5.7,3.7,3.7,3.6,5.8,5.4,6.1,5.8,5.8,13.5,13.0,14.1,9.6,9.4,9.9,148.8,152.6,145.0,901,864,939,247,234,260,31,33,29,0,0,1,0,0,0,0,0,0,4.22,5.44,5.44,4.22,5.44,5.44,4.27,5.9,6.13,4.27,5.9,6.13,1640321,DUQ1DHALIEN6DQPZ,1640325,6S4L2IFWG5GLNKG5,1640323,SJBIKJUCN4Z46AL6,1640326,GEK1ZZUK8JCHMIDW,5.7,6.5,7.3,8.1,10.1,8.1,5.8,07-13-2022 10:30:12,5.7,6.5,7.3,8.1,10.1,8.1,5.8,07-13-2022 10:30:12,5.7,6.5,7.3,8.1,10.1,8.1,5.8,07-13-2022 10:30:12
V1.0.11-0.0.27,07-13-2022 10:30:13,07-13-2022 10:30:01,151702,07-08-2022 11:10:02,06-29-2022 08:29:07,07-13-2022 10:29:44,0,0,NHDES_katerr,0,0,PA-II-SD,2.0+OPENLOG+15476 MB+DS3231+BME280+PMSX003-B+PMSX003-A,35,7.00,-76,7238,221,15184,0,43.11861,-71.61618,885,3,0,0,0,100,100,100,36,36,None,91,91,None,980.6,980.6,None,None,None,0.01,2.5,2.5,2.4,2.5,2.5,4.0,4.2,3.8,4.0,4.0,3.5,3.6,3.4,4.3,4.7,3.9,4.3,4.3,12.7,12.8,12.6,9.2,9.3,9.2,154.8,153.9,155.6,844,852,837,228,227,229,30,33,28,1,2,0,0,1,0,0,0,0,2.5,4.2,4.7,2.5,4.2,4.7,2.45,3.78,3.9,2.45,3.78,3.9,1784461,A0IJ036DV9SKCFLE,1784463,71A9CZ5UJ4YGTUQ2,1784462,E3XRJRWK9NZW79YP,1784464,NDDV7IN0FIAG3DCJ,4.0,5.2,6.3,7.4,9.8,8.0,2.2,07-13-2022 10:30:13,4.0,5.2,6.3,7.4,9.8,8.0,2.2,07-13-2022 10:30:13,4.0,5.2,6.3,7.4,9.8,8.0,2.2,07-13-2022 10:30:13
V1.0.11-0.0.27,07-13-2022 10:30:13,07-13-2022 10:30:01,151700,07-11-2022 09:59:26,06-29-2022 08:28:56,07-13-2022 10:28:02,0,0,"12 Noyes Street, Concord, NH",0,0,PA-II-SD,2.0+OPENLOG+15476 MB+DS3231+BME280+PMSX003-B+PMSX003-A,35,7.00,-68,2922,305,15184,5,43.19211,-71.54146,286,3,0,0,0,100,100,100,55,55,None,79,79,None,1001.3,1001.3,None,None,None,0.01,3.1,3.2,3.0,3.1,3.1,4.8,4.8,4.7,4.8,4.8,4.0,4.1,4.0,4.9,4.8,5.0,4.9,4.9,14.3,14.7,13.9,10.0,10.2,9.8,143.6,141.1,146.1,953,980,927,265,271,259,35,35,36,1,1,1,0,0,0,0,0,0,3.25,4.8,4.8,3.25,4.8,4.8,3.02,4.7,5.02,3.02,4.7,5.02,1784457,PB81KISBP3EXW7K9,1784459,YZIRVQBCBJ133NTL,1784458,9LG3IVPJL6DTYT6P,1784460,0R1GJAA1UYAHT6R9,4.8,6.0,7.6,9.0,10.8,6.9,1.4,07-13-2022 10:30:13,4.8,6.0,7.6,9.0,10.8,6.9,1.4,07-13-2022 10:30:13,4.8,6.0,7.6,9.0,10.8,6.9,1.4,07-13-2022 10:30:13
V1.0.11-0.0.27,07-13-2022 10:40:12,07-13-2022 10:40:08,151708,07-12-2022 14:18:17,06-29-2022 08:29:43,07-13-2022 10:38:24,0,0,NH1,0,0,PA-II-SD,2.0+OPENLOG+31037 MB+DS3231+BME280+BME680+PMSX003-B+PMSX003-A,35,7.00,-76,2966,303,15072,5,43.192066,-71.54151,288,3,0,0,0,100,100,100,55,56,54,81,80,82,1001.82,1001.49,1002.15,26.4,26.37,0.0,0.3,0.5,0.2,0.3,0.3,2.0,2.4,1.6,2.0,2.0,1.3,1.3,1.3,2.1,2.6,1.6,2.1,2.1,None,None,None,None,None,None,None,None,None,262,282,243,223,222,224,0,0,0,0,0,0,0,0,0,0,0,0,0.47,2.4,2.62,0.47,2.4,2.62,0.2,1.58,1.58,0.2,1.58,1.58,1784473,RECLPTF41NFVAGZS,1784475,F5P8XN29WYFV4N87,1784474,SX1Z89WJKRZTSAKK,1784476,7LDKL9Q9YP56VMU9,2.0,2.6,4.0,5.4,7.6,5.0,1.0,07-13-2022 10:40:12,2.0,2.6,4.0,5.4,7.6,5.0,1.0,07-13-2022 10:40:12,2.0,2.6,4.0,5.4,7.6,5.0,1.0,07-13-2022 10:40:12
V1.0.11-0.0.27,07-13-2022 10:40:12,07-13-2022 10:40:08,143456,05-07-2022 10:46:33,01-25-2022 17:50:55,07-13-2022 10:39:35,0,0,Junder22,0,0,PA-II,2.0+BME280+PMSX003-B+PMSX003-A,35,7.00,-76,32611,8578,15672,5,43.08963,-71.50244,619,3,0,0,0,100,100,100,51,51,None,82,82,None,991.13,991.13,None,None,None,0.01,3.9,3.4,4.4,3.9,3.9,5.1,4.6,5.6,5.1,5.1,3.3,3.2,3.5,5.3,4.9,5.8,5.3,5.3,12.8,12.4,13.2,9.3,9.1,9.5,153.9,156.7,151.0,853,827,879,232,219,245,27,28,27,1,2,0,0,0,0,0,0,0,3.37,4.6,4.88,3.37,4.6,4.88,4.4,5.58,5.81,4.4,5.58,5.81,1640321,DUQ1DHALIEN6DQPZ,1640325,6S4L2IFWG5GLNKG5,1640323,SJBIKJUCN4Z46AL6,1640326,GEK1ZZUK8JCHMIDW,5.1,6.0,7.0,7.8,10.0,8.1,5.8,07-13-2022 10:40:12,5.1,6.0,7.0,7.8,10.0,8.1,5.8,07-13-2022 10:40:12,5.1,6.0,7.0,7.8,10.0,8.1,5.8,07-13-2022 10:40:12
V1.0.11-0.0.27,07-13-2022 10:40:12,07-13-2022 10:40:08,151702,07-08-2022 11:10:02,06-29-2022 08:29:07,07-13-2022 10:39:44,0,0,NHDES_katerr,0,0,PA-II-SD,2.0+OPENLOG+15476 MB+DS3231+BME280+PMSX003-B+PMSX003-A,35,7.00,-76,7248,224,15184,0,43.11861,-71.61618,885,3,0,0,0,100,100,100,34,34,None,92,92,None,980.7,980.7,None,None,None,0.01,3.1,3.0,3.3,3.1,3.1,4.8,4.9,4.8,4.8,4.8,4.1,4.1,4.1,4.9,4.9,4.9,4.9,4.9,13.6,13.1,14.1,9.7,9.5,9.9,148.2,151.6,144.8,907,874,941,248,243,254,38,40,37,1,1,1,0,0,0,0,0,0,2.98,4.86,4.86,2.98,4.86,4.86,3.29,4.75,4.89,3.29,4.75,4.89,1784461,A0IJ036DV9SKCFLE,1784463,71A9CZ5UJ4YGTUQ2,1784462,E3XRJRWK9NZW79YP,1784464,NDDV7IN0FIAG3DCJ,4.8,4.8,6.1,7.2,9.8,8.0,2.2,07-13-2022 10:40:12,4.8,4.8,6.1,7.2,9.8,8.0,2.2,07-13-2022 10:40:12,4.8,4.8,6.1,7.2,9.8,8.0,2.2,07-13-2022 10:40:12
V1.0.11-0.0.27,07-13-2022 10:40:13,07-13-2022 10:40:08,151700,07-11-2022 09:59:26,06-29-2022 08:28:56,07-13-2022 10:40:02,0,0,"12 Noyes Street, Concord, NH",0,0,PA-II-SD,2.0+OPENLOG+15476 MB+DS3231+BME280+PMSX003-B+PMSX003-A,35,7.00,-68,2934,280,15184,5,43.19211,-71.54146,286,3,0,0,0,100,100,100,53,53,None,79,79,None,1001.39,1001.39,None,None,None,0.01,2.6,3.0,2.2,2.6,2.6,4.3,4.8,3.9,4.3,4.3,3.7,3.7,3.7,4.6,5.0,4.2,4.6,4.6,12.4,13.2,11.7,9.1,9.5,8.8,156.6,150.7,162.5,830,882,778,228,245,212,34,33,36,1,1,1,0,0,0,0,0,0,3.05,4.78,4.95,3.05,4.78,4.95,2.23,3.89,4.19,2.23,3.89,4.19,1784457,PB81KISBP3EXW7K9,1784459,YZIRVQBCBJ133NTL,1784458,9LG3IVPJL6DTYT6P,1784460,0R1GJAA1UYAHT6R9,4.3,5.4,7.1,8.6,10.6,6.9,1.4,07-13-2022 10:40:13,4.3,5.4,7.1,8.6,10.6,6.9,1.4,07-13-2022 10:40:13,4.3,5.4,7.1,8.6,10.6,6.9,1.4,07-13-2022 10:40:13
V1.0.11-0.0.27,07-13-2022 10:50:12,07-13-2022 10:49:13,151708,07-12-2022 14:18:17,06-29-2022 08:29:43,07-13-2022 10:48:24,0,0,NH1,0,0,PA-II-SD,2.0+OPENLOG+31037 MB+DS3231+BME280+BME680+PMSX003-B+PMSX003-A,35,7.00,-73,2976,317,15072,5,43.192066,-71.54151,288,3,0,0,0,100,100,100,52,53,52,81,81,82,1001.98,1001.68,1002.27,26.1,26.11,0.0,0.1,0.1,0.0,0.1,0.1,1.2,1.7,0.8,1.2,1.2,1.3,1.6,1.1,1.6,2.1,1.2,1.6,1.6,None,None,None,None,None,None,None,None,None,238,264,213,202,212,193,3,6,0,0,0,0,0,0,0,0,0,0,0.11,1.67,2.07,0.11,1.67,2.07,0.0,0.8,1.17,0.0,0.8,1.17,1784473,RECLPTF41NFVAGZS,1784475,F5P8XN29WYFV4N87,1784474,SX1Z89WJKRZTSAKK,1784476,7LDKL9Q9YP56VMU9,1.2,2.0,3.6,5.0,7.5,5.0,1.0,07-13-2022 10:50:12,1.2,2.0,3.6,5.0,7.5,5.0,1.0,07-13-2022 10:50:12,1.2,2.0,3.6,5.0,7.5,5.0,1.0,07-13-2022 10:50:12
V1.0.11-0.0.27,07-13-2022 10:50:12,07-13-2022 10:49:13,143456,05-07-2022 10:46:33,01-25-2022 17:50:55,07-13-2022 10:47:35,0,0,Junder22,0,0,PA-II,2.0+BME280+PMSX003-B+PMSX003-A,35,7.00,-76,32619,1308,15672,5,43.08963,-71.50244,619,3,0,0,0,100,100,100,49,49,None,82,82,None,991.28,991.28,None,None,None,0.01,3.5,3.4,3.6,3.5,3.5,4.7,4.5,4.9,4.7,4.7,3.4,3.1,3.7,4.8,4.6,4.9,4.8,4.8,11.9,12.0,11.8,8.9,8.9,8.8,160.6,159.7,161.5,793,801,786,218,208,228,30,26,34,0,1,0,0,0,0,0,0,0,3.4,4.5,4.62,3.4,4.5,4.62,3.62,4.91,4.91,3.62,4.91,4.91,1640321,DUQ1DHALIEN6DQPZ,1640325,6S4L2IFWG5GLNKG5,1640323,SJBIKJUCN4Z46AL6,1640326,GEK1ZZUK8JCHMIDW,4.7,5.6,6.7,7.6,10.0,8.1,5.8,07-13-2022 10:50:12,4.7,5.6,6.7,7.6,10.0,8.1,5.8,07-13-2022 10:50:12,4.7,5.6,6.7,7.6,10.0,8.1,5.8,07-13-2022 10:50:12
V1.0.11-0.0.27,07-13-2022 10:50:12,07-13-2022 10:49:13,151702,07-08-2022 11:10:02,06-29-2022 08:29:07,07-13-2022 10:47:44,0,0,NHDES_katerr,0,0,PA-II-SD,2.0+OPENLOG+15476 MB+DS3231+BME280+PMSX003-B+PMSX003-A,35,7.00,-78,7256,220,15184,0,43.11861,-71.61618,885,3,0,0,0,100,100,100,35,35,None,93,93,None,980.89,980.89,None,None,None,0.01,2.3,1.8,2.9,2.3,2.3,3.7,3.6,3.9,3.7,3.7,3.8,3.8,3.7,3.8,3.8,3.9,3.8,3.8,13.4,12.9,13.8,9.6,9.4,9.8,149.8,153.1,146.5,891,860,923,239,233,246,34,37,32,1,2,1,0,0,0,0,0,0,1.75,3.61,3.78,1.75,3.61,3.78,2.86,3.88,3.88,2.86,3.88,3.88,1784461,A0IJ036DV9SKCFLE,1784463,71A9CZ5UJ4YGTUQ2,1784462,E3XRJRWK9NZW79YP,1784464,NDDV7IN0FIAG3DCJ,3.7,4.5,5.8,6.9,9.7,8.0,2.2,07-13-2022 10:50:12,3.7,4.5,5.8,6.9,9.7,8.0,2.2,07-13-2022 10:50:12,3.7,4.5,5.8,6.9,9.7,8.0,2.2,07-13-2022 10:50:12
V1.0.11-0.0.27,07-13-2022 10:50:13,07-13-2022 10:49:13,151700,07-11-2022 09:59:26,06-29-2022 08:28:56,07-13-2022 10:48:02,0,0,"12 Noyes Street, Concord, NH",0,0,PA-II-SD,2.0+OPENLOG+15476 MB+DS3231+BME280+PMSX003-B+PMSX003-A,35,7.00,-70,2942,288,15184,5,43.19211,-71.54146,286,3,0,0,0,100,100,100,51,51,None,79,79,None,1001.53,1001.53,None,None,None,0.01,3.1,3.5,2.7,3.1,3.1,4.7,4.6,4.8,4.7,4.7,3.7,3.4,4.0,5.1,5.4,4.8,5.1,5.1,13.3,13.8,12.8,9.5,9.8,9.3,150.4,146.9,153.8,886,919,853,251,259,243,33,28,39,2,3,2,0,0,0,0,0,0,3.54,4.63,5.44,3.54,4.63,5.44,2.74,4.83,4.83,2.74,4.83,4.83,1784457,PB81KISBP3EXW7K9,1784459,YZIRVQBCBJ133NTL,1784458,9LG3IVPJL6DTYT6P,1784460,0R1GJAA1UYAHT6R9,4.7,5.1,6.8,8.4,10.6,6.9,1.4,07-13-2022 10:50:13,4.7,5.1,6.8,8.4,10.6,6.9,1.4,07-13-2022 10:50:13,4.7,5.1,6.8,8.4,10.6,6.9,1.4,07-13-2022 10:50:13
