{
  "api_version": "V1.0.11-0.0.27",
  "time_stamp": 1657805119,
  "data_time_stamp": 1657805114,
  "sensor": {
    "sensor_index": 135984,
    "last_modified": 1635965577,
    "date_created": 1635951988,
    "last_seen": 1657804995,
    "private": 0,
    "is_owner": 0,
    "name": "NH7",
    "icon": 0,
    "location_type": 0,
    "model": "PA-II-SD",
    "hardware": "2.0+OPENLOG+15476 MB+DS3231+BME280+PMSX003-B+PMSX003-A",
    "led_brightness": 35,
    "firmware_version": "7.00",
    "rssi": -72,
    "uptime": 1110,
    "pa_latency": 555,
    "memory": 15440,
    "position_rating": 0,
    "latitude": 43.565853,
    "longitude": -71.49613,
    "altitude": 708,
    "channel_state": 3,
    "channel_flags": 0,
    "channel_flags_manual": 0,
    "channel_flags_auto": 0,
    "confidence": 100,
    "confidence_auto": 100,
    "confidence_manual": 100,
    "humidity": 54,
    "humidity_a": 54,
    "temperature": 85,
    "temperature_a": 85,
    "pressure": 990.19,
    "pressure_a": 990.19,
    "analog_input": 0.0,
    "pm1.0": 8.3,
    "pm1.0_a": 8.2,
    "pm1.0_b": 8.5,
    "pm2.5": 12.1,
    "pm2.5_a": 11.4,
    "pm2.5_b": 12.8,
    "pm2.5_alt": 8.3,
    "pm2.5_alt_a": 7.5,
    "pm2.5_alt_b": 9.0,
    "pm10.0": 12.9,
    "pm10.0_a": 12.2,
    "pm10.0_b": 13.6,
    "scattering_coefficient": 25.5,
    "scattering_coefficient_a": 23.1,
    "scattering_coefficient_b": 27.9,
    "deciviews": 14.0,
    "deciviews_a": 13.3,
    "deciviews_b": 14.7,
    "visual_range": 96.5,
    "visual_range_a": 103.3,
    "visual_range_b": 89.7,
    "0.3_um_count": 1700,
    "0.3_um_count_a": 1541,
    "0.3_um_count_b": 1860,
    "0.5_um_count": 484,
    "0.5_um_count_a": 455,
    "0.5_um_count_b": 514,
    "1.0_um_count": 82,
    "1.0_um_count_a": 72,
    "1.0_um_count_b": 92,
    "2.5_um_count": 3,
    "2.5_um_count_a": 1,
    "2.5_um_count_b": 5,
    "5.0_um_count": 0,
    "5.0_um_count_a": 0,
    "5.0_um_count_b": 1,
    "10.0_um_count": 0,
    "10.0_um_count_a": 0,
    "10.0_um_count_b": 0,
    "pm1.0_cf_1": 8.3,
    "pm1.0_cf_1_a": 8.19,
    "pm1.0_cf_1_b": 8.48,
    "pm1.0_atm": 8.3,
    "pm1.0_atm_a": 8.19,
    "pm1.0_atm_b": 8.48,
    "pm2.5_atm": 12.1,
    "pm2.5_atm_a": 11.45,
    "pm2.5_atm_b": 12.79,
    "pm2.5_cf_1": 12.1,
    "pm2.5_cf_1_a": 11.45,
    "pm2.5_cf_1_b": 12.79,
    "pm10.0_atm": 12.9,
    "pm10.0_atm_a": 12.19,
    "pm10.0_atm_b": 13.55,
    "pm10.0_cf_1": 12.9,
    "pm10.0_cf_1_a": 12.19,
    "pm10.0_cf_1_b": 13.55,
    "primary_id_a": 1558402,
    "primary_key_a": "YLJ3DAMV0E457HSX",
    "primary_id_b": 1558404,
    "primary_key_b": "TPZBXUYZRPIXB432",
    "secondary_id_a": 1558403,
    "secondary_key_a": "ESM0MAK2CP2P0QUF",
    "secondary_id_b": 1558405,
    "secondary_key_b": "8KJ1F5HCCQ53D5M4",
    "stats": {
      "pm2.5": 12.1,
      "pm2.5_10minute": 12.9,
      "pm2.5_30minute": 13.4,
      "pm2.5_60minute": 13.8,
      "pm2.5_6hour": 12.4,
      "pm2.5_24hour": 9.4,
      "pm2.5_1week": 6.6,
      "time_stamp": 1657804995
    },
    "stats_a": {
      "pm2.5": 11.4,
      "pm2.5_10minute": 13.1,
      "pm2.5_30minute": 13.6,
      "pm2.5_60minute": 14.0,
      "pm2.5_6hour": 12.8,
      "pm2.5_24hour": 9.7,
      "pm2.5_1week": 6.8,
      "time_stamp": 1657804995
    },
    "stats_b": {
      "pm2.5": 12.8,
      "pm2.5_10minute": 12.7,
      "pm2.5_30minute": 13.2,
      "pm2.5_60minute": 13.6,
      "pm2.5_6hour": 12.1,
      "pm2.5_24hour": 9.2,
      "pm2.5_1week": 6.5,
      "time_stamp": 1657804995
    }
  }
}