{
  "api_version": "V1.0.11-0.0.27",
  "time_stamp": 1657805118,
  "data_time_stamp": 1657805068,
  "sensor": {
    "sensor_index": 143456,
    "last_modified": 1651934793,
    "date_created": 1643151055,
    "last_seen": 1657805047,
    "private": 0,
    "is_owner": 0,
    "name": "Junder22",
    "icon": 0,
    "location_type": 0,
    "model": "PA-II",
    "hardware": "2.0+BME280+PMSX003-B+PMSX003-A",
    "led_brightness": 35,
    "firmware_version": "7.00",
    "rssi": -81,
    "uptime": 33976,
    "pa_latency": 265,
    "memory": 15368,
    "position_rating": 5,
    "latitude": 43.08963,
    "longitude": -71.50244,
    "altitude": 619,
    "channel_state": 3,
    "channel_flags": 0,
    "channel_flags_manual": 0,
    "channel_flags_auto": 0,
    "confidence": 100,
    "confidence_auto": 100,
    "confidence_manual": 100,
    "humidity": 67,
    "humidity_a": 67,
    "temperature": 75,
    "temperature_a": 75,
    "pressure": 994.34,
    "pressure_a": 994.34,
    "analog_input": 0.01,
    "pm1.0": 11.0,
    "pm1.0_a": 10.6,
    "pm1.0_b": 11.3,
    "pm2.5": 18.6,
    "pm2.5_a": 18.4,
    "pm2.5_b": 18.9,
    "pm2.5_alt": 11.6,
    "pm2.5_alt_a": 11.7,
    "pm2.5_alt_b": 11.4,
    "pm10.0": 19.5,
    "pm10.0_a": 19.4,
    "pm10.0_b": 19.6,
    "scattering_coefficient": 30.7,
    "scattering_coefficient_a": 30.8,
    "scattering_coefficient_b": 30.6,
    "deciviews": 15.4,
    "deciviews_a": 15.5,
    "deciviews_b": 15.4,
    "visual_range": 83.2,
    "visual_range_a": 83.0,
    "visual_range_b": 83.4,
    "0.3_um_count": 2048,
    "0.3_um_count_a": 2055,
    "0.3_um_count_b": 2042,
    "0.5_um_count": 589,
    "0.5_um_count_a": 578,
    "0.5_um_count_b": 601,
    "1.0_um_count": 134,
    "1.0_um_count_a": 138,
    "1.0_um_count_b": 131,
    "2.5_um_count": 10,
    "2.5_um_count_a": 11,
    "2.5_um_count_b": 10,
    "5.0_um_count": 0,
    "5.0_um_count_a": 0,
    "5.0_um_count_b": 0,
    "10.0_um_count": 0,
    "10.0_um_count_a": 0,
    "10.0_um_count_b": 0,
    "pm1.0_cf_1": 11.0,
    "pm1.0_cf_1_a": 10.62,
    "pm1.0_cf_1_b": 11.28,
    "pm1.0_atm": 11.0,
    "pm1.0_atm_a": 10.62,
    "pm1.0_atm_b": 11.28,
    "pm2.5_atm": 18.6,
    "pm2.5_atm_a": 18.35,
    "pm2.5_atm_b": 18.94,
    "pm2.5_cf_1": 18.6,
    "pm2.5_cf_1_a": 18.35,
    "pm2.5_cf_1_b": 18.94,
    "pm10.0_atm": 19.5,
    "pm10.0_atm_a": 19.38,
    "pm10.0_atm_b": 19.55,
    "pm10.0_cf_1": 19.5,
    "pm10.0_cf_1_a": 19.38,
    "pm10.0_cf_1_b": 19.55,
    "primary_id_a": 1640321,
    "primary_key_a": "DUQ1DHALIEN6DQPZ",
    "primary_id_b": 1640325,
    "primary_key_b": "6S4L2IFWG5GLNKG5",
    "secondary_id_a": 1640323,
    "secondary_key_a": "SJBIKJUCN4Z46AL6",
    "secondary_id_b": 1640326,
    "secondary_key_b": "GEK1ZZUK8JCHMIDW",
    "stats": {
      "pm2.5": 18.6,
      "pm2.5_10minute": 17.9,
      "pm2.5_30minute": 17.8,
      "pm2.5_60minute": 17.2,
      "pm2.5_6hour": 12.8,
      "pm2.5_24hour": 9.4,
      "pm2.5_1week": 6.2,
      "time_stamp": 1657805047
    },
    "stats_a": {
      "pm2.5": 18.4,
      "pm2.5_10minute": 17.2,
      "pm2.5_30minute": 17.0,
      "pm2.5_60minute": 16.5,
      "pm2.5_6hour": 12.2,
      "pm2.5_24hour": 8.9,
      "pm2.5_1week": 5.9,
      "time_stamp": 1657805047
    },
    "stats_b": {
      "pm2.5": 18.9,
      "pm2.5_10minute": 18.6,
      "pm2.5_30minute": 18.5,
      "pm2.5_60minute": 18.0,
      "pm2.5_6hour": 13.4,
      "pm2.5_24hour": 10.0,
      "pm2.5_1week": 6.6,
      "time_stamp": 1657805047
    }
  }
}