{
  "api_version": "V1.0.11-0.0.27",
  "time_stamp": 1657805119,
  "data_time_stamp": 1657805114,
  "sensor": {
    "sensor_index": 151712,
    "last_modified": 1656892678,
    "date_created": 1656505804,
    "last_seen": 1657805005,
    "private": 0,
    "is_owner": 0,
    "name": "NHDES Max",
    "icon": 0,
    "location_type": 0,
    "model": "PA-II-SD",
    "hardware": "2.0+OPENLOG+15476 MB+DS3231+BME280+PMSX003-B+PMSX003-A",
    "led_brightness": 35,
    "firmware_version": "7.00",
    "rssi": -58,
    "uptime": 2406,
    "pa_latency": 295,
    "memory": 15552,
    "position_rating": 5,
    "latitude": 43.289764,
    "longitude": -71.56426,
    "altitude": 370,
    "channel_state": 3,
    "channel_flags": 0,
    "channel_flags_manual": 0,
    "channel_flags_auto": 0,
    "confidence": 100,
    "confidence_auto": 100,
    "confidence_manual": 100,
    "humidity": 66,
    "humidity_a": 66,
    "temperature": 75,
    "temperature_a": 75,
    "pressure": 1001.54,
    "pressure_a": 1001.54,
    "analog_input": 0.02,
    "pm1.0": 10.0,
    "pm1.0_a": 10.0,
    "pm1.0_b": 10.0,
    "pm2.5": 15.8,
    "pm2.5_a": 17.0,
    "pm2.5_b": 14.5,
    "pm2.5_alt": 10.7,
    "pm2.5_alt_a": 10.6,
    "pm2.5_alt_b": 10.8,
    "pm10.0": 17.3,
    "pm10.0_a": 18.2,
    "pm10.0_b": 16.4,
    "scattering_coefficient": 30.4,
    "scattering_coefficient_a": 30.1,
    "scattering_coefficient_b": 30.8,
    "deciviews": 15.4,
    "deciviews_a": 15.3,
    "deciviews_b": 15.5,
    "visual_range": 83.8,
    "visual_range_a": 84.6,
    "visual_range_b": 83.1,
    "0.3_um_count": 2029,
    "0.3_um_count_a": 2006,
    "0.3_um_count_b": 2052,
    "0.5_um_count": 592,
    "0.5_um_count_a": 575,
    "0.5_um_count_b": 610,
    "1.0_um_count": 119,
    "1.0_um_count_a": 123,
    "1.0_um_count_b": 116,
    "2.5_um_count": 10,
    "2.5_um_count_a": 14,
    "2.5_um_count_b": 7,
    "5.0_um_count": 1,
    "5.0_um_count_a": 1,
    "5.0_um_count_b": 1,
    "10.0_um_count": 0,
    "10.0_um_count_a": 0,
    "10.0_um_count_b": 0,
    "pm1.0_cf_1": 10.0,
    "pm1.0_cf_1_a": 9.95,
    "pm1.0_cf_1_b": 9.95,
    "pm1.0_atm": 10.0,
    "pm1.0_atm_a": 9.95,
    "pm1.0_atm_b": 9.95,
    "pm2.5_atm": 15.8,
    "pm2.5_atm_a": 17.05,
    "pm2.5_atm_b": 14.46,
    "pm2.5_cf_1": 15.8,
    "pm2.5_cf_1_a": 17.05,
    "pm2.5_cf_1_b": 14.46,
    "pm10.0_atm": 17.3,
    "pm10.0_atm_a": 18.19,
    "pm10.0_atm_b": 16.36,
    "pm10.0_cf_1": 17.3,
    "pm10.0_cf_1_a": 18.19,
    "pm10.0_cf_1_b": 16.36,
    "primary_id_a": 1784481,
    "primary_key_a": "6BSH30AMW7EFIL35",
    "primary_id_b": 1784483,
    "primary_key_b": "M7CUQGSSW26NREYG",
    "secondary_id_a": 1784482,
    "secondary_key_a": "TE761N0Z9DJJRQI6",
    "secondary_id_b": 1784484,
    "secondary_key_b": "CHDQJH0M1APEWJ5B",
    "stats": {
      "pm2.5": 15.8,
      "pm2.5_10minute": 15.5,
      "pm2.5_30minute": 15.4,
      "pm2.5_60minute": 15.1,
      "pm2.5_6hour": 12.2,
      "pm2.5_24hour": 9.4,
      "pm2.5_1week": 4.0,
      "time_stamp": 1657805005
    },
    "stats_a": {
      "pm2.5": 17.0,
      "pm2.5_10minute": 16.0,
      "pm2.5_30minute": 15.9,
      "pm2.5_60minute": 15.7,
      "pm2.5_6hour": 12.7,
      "pm2.5_24hour": 9.6,
      "pm2.5_1week": 4.1,
      "time_stamp": 1657805005
    },
    "stats_b": {
      "pm2.5": 14.5,
      "pm2.5_10minute": 15.0,
      "pm2.5_30minute": 14.8,
      "pm2.5_60minute": 14.6,
      "pm2.5_6hour": 11.8,
      "pm2.5_24hour": 9.2,
      "pm2.5_1week": 3.9,
      "time_stamp": 1657805005
    }
  }
}