{
  "api_version": "V1.0.11-0.0.27",
  "time_stamp": 1657805118,
  "data_time_stamp": 1657805065,
  "sensor": {
    "sensor_index": 151708,
    "last_modified": 1657734651,
    "date_created": 1656505783,
    "last_seen": 1657804956,
    "private": 0,
    "is_owner": 0,
    "name": "12 Noyes Street, Concord, NH",
    "icon": 0,
    "location_type": 0,
    "model": "PA-II-SD",
    "hardware": "2.0+OPENLOG+31037 MB+DS3231+BME280+BME680+PMSX003-B+PMSX003-A",
    "led_brightness": 35,
    "firmware_version": "7.00",
    "rssi": -73,
    "uptime": 4330,
    "pa_latency": 293,
    "memory": 15072,
    "position_rating": 5,
    "latitude": 43.192043,
    "longitude": -71.54158,
    "altitude": 291,
    "channel_state": 3,
    "channel_flags": 0,
    "channel_flags_manual": 0,
    "channel_flags_auto": 0,
    "confidence": 100,
    "confidence_auto": 100,
    "confidence_manual": 100,
    "humidity": 64,
    "humidity_a": 65,
    "humidity_b": 63,
    "temperature": 75,
    "temperature_a": 75,
    "temperature_b": 76,
    "pressure": 1005.3,
    "pressure_a": 1004.95,
    "pressure_b": 1005.65,
    "voc": 130.2,
    "voc_b": 130.23,
    "analog_input": 0.0,
    "pm1.0": 6.8,
    "pm1.0_a": 7.4,
    "pm1.0_b": 6.2,
    "pm2.5": 18.2,
    "pm2.5_a": 18.8,
    "pm2.5_b": 17.6,
    "pm2.5_alt": 9.2,
    "pm2.5_alt_a": 9.5,
    "pm2.5_alt_b": 9.0,
    "pm10.0": 20.7,
    "pm10.0_a": 21.8,
    "pm10.0_b": 19.5,
    "0.3_um_count": 685,
    "0.3_um_count_a": 750,
    "0.3_um_count_b": 620,
    "0.5_um_count": 597,
    "0.5_um_count_a": 612,
    "0.5_um_count_b": 582,
    "1.0_um_count": 103,
    "1.0_um_count_a": 105,
    "1.0_um_count_b": 101,
    "2.5_um_count": 0,
    "2.5_um_count_a": 0,
    "2.5_um_count_b": 0,
    "5.0_um_count": 0,
    "5.0_um_count_a": 0,
    "5.0_um_count_b": 0,
    "10.0_um_count": 0,
    "10.0_um_count_a": 0,
    "10.0_um_count_b": 0,
    "pm1.0_cf_1": 6.8,
    "pm1.0_cf_1_a": 7.45,
    "pm1.0_cf_1_b": 6.23,
    "pm1.0_atm": 6.8,
    "pm1.0_atm_a": 7.45,
    "pm1.0_atm_b": 6.23,
    "pm2.5_atm": 18.2,
    "pm2.5_atm_a": 18.82,
    "pm2.5_atm_b": 17.64,
    "pm2.5_cf_1": 18.2,
    "pm2.5_cf_1_a": 18.82,
    "pm2.5_cf_1_b": 17.64,
    "pm10.0_atm": 20.7,
    "pm10.0_atm_a": 21.82,
    "pm10.0_atm_b": 19.49,
    "pm10.0_cf_1": 20.7,
    "pm10.0_cf_1_a": 21.82,
    "pm10.0_cf_1_b": 19.49,
    "primary_id_a": 1784473,
    "primary_key_a": "RECLPTF41NFVAGZS",
    "primary_id_b": 1784475,
    "primary_key_b": "F5P8XN29WYFV4N87",
    "secondary_id_a": 1784474,
    "secondary_key_a": "SX1Z89WJKRZTSAKK",
    "secondary_id_b": 1784476,
    "secondary_key_b": "7LDKL9Q9YP56VMU9",
    "stats": {
      "pm2.5": 18.2,
      "pm2.5_10minute": 18.0,
      "pm2.5_30minute": 17.8,
      "pm2.5_60minute": 17.5,
      "pm2.5_6hour": 12.1,
      "pm2.5_24hour": 7.2,
      "pm2.5_1week": 1.6,
      "time_stamp": 1657804956
    },
    "stats_a": {
      "pm2.5": 18.8,
      "pm2.5_10minute": 17.9,
      "pm2.5_30minute": 17.8,
      "pm2.5_60minute": 17.4,
      "pm2.5_6hour": 12.1,
      "pm2.5_24hour": 7.2,
      "pm2.5_1week": 1.7,
      "time_stamp": 1657804956
    },
    "stats_b": {
      "pm2.5": 17.6,
      "pm2.5_10minute": 18.0,
      "pm2.5_30minute": 17.9,
      "pm2.5_60minute": 17.6,
      "pm2.5_6hour": 12.1,
      "pm2.5_24hour": 7.1,
      "pm2.5_1week": 1.6,
      "time_stamp": 1657804956
    }
  }
}