{
  "api_version": "V1.0.11-0.0.27",
  "time_stamp": 1657805118,
  "data_time_stamp": 1657805112,
  "sensor": {
    "sensor_index": 151702,
    "last_modified": 1657293002,
    "date_created": 1656505747,
    "last_seen": 1657805031,
    "private": 0,
    "is_owner": 0,
    "name": "NHDES_katerr",
    "icon": 0,
    "location_type": 0,
    "model": "PA-II-SD",
    "hardware": "2.0+OPENLOG+15476 MB+DS3231+BME280+PMSX003-B+PMSX003-A",
    "led_brightness": 35,
    "firmware_version": "7.00",
    "rssi": -83,
    "uptime": 8612,
    "pa_latency": 216,
    "memory": 15184,
    "position_rating": 0,
    "latitude": 43.11861,
    "longitude": -71.61618,
    "altitude": 885,
    "channel_state": 3,
    "channel_flags": 0,
    "channel_flags_manual": 0,
    "channel_flags_auto": 0,
    "confidence": 100,
    "confidence_auto": 100,
    "confidence_manual": 100,
    "humidity": 46,
    "humidity_a": 46,
    "temperature": 84,
    "temperature_a": 84,
    "pressure": 983.8,
    "pressure_a": 983.8,
    "analog_input": 0.01,
    "pm1.0": 8.5,
    "pm1.0_a": 8.7,
    "pm1.0_b": 8.3,
    "pm2.5": 14.6,
    "pm2.5_a": 15.5,
    "pm2.5_b": 13.6,
    "pm2.5_alt": 10.3,
    "pm2.5_alt_a": 10.7,
    "pm2.5_alt_b": 9.9,
    "pm10.0": 15.1,
    "pm10.0_a": 16.1,
    "pm10.0_b": 14.2,
    "scattering_coefficient": 29.1,
    "scattering_coefficient_a": 29.9,
    "scattering_coefficient_b": 28.2,
    "deciviews": 15.0,
    "deciviews_a": 15.2,
    "deciviews_b": 14.8,
    "visual_range": 86.9,
    "visual_range_a": 84.9,
    "visual_range_b": 88.9,
    "0.3_um_count": 1939,
    "0.3_um_count_a": 1995,
    "0.3_um_count_b": 1883,
    "0.5_um_count": 532,
    "0.5_um_count_a": 555,
    "0.5_um_count_b": 509,
    "1.0_um_count": 115,
    "1.0_um_count_a": 120,
    "1.0_um_count_b": 110,
    "2.5_um_count": 7,
    "2.5_um_count_a": 8,
    "2.5_um_count_b": 6,
    "5.0_um_count": 0,
    "5.0_um_count_a": 0,
    "5.0_um_count_b": 0,
    "10.0_um_count": 0,
    "10.0_um_count_a": 0,
    "10.0_um_count_b": 0,
    "pm1.0_cf_1": 8.5,
    "pm1.0_cf_1_a": 8.72,
    "pm1.0_cf_1_b": 8.28,
    "pm1.0_atm": 8.5,
    "pm1.0_atm_a": 8.72,
    "pm1.0_atm_b": 8.28,
    "pm2.5_atm": 14.6,
    "pm2.5_atm_a": 15.53,
    "pm2.5_atm_b": 13.58,
    "pm2.5_cf_1": 14.6,
    "pm2.5_cf_1_a": 15.53,
    "pm2.5_cf_1_b": 13.58,
    "pm10.0_atm": 15.1,
    "pm10.0_atm_a": 16.09,
    "pm10.0_atm_b": 14.18,
    "pm10.0_cf_1": 15.1,
    "pm10.0_cf_1_a": 16.09,
    "pm10.0_cf_1_b": 14.18,
    "primary_id_a": 1784461,
    "primary_key_a": "A0IJ036DV9SKCFLE",
    "primary_id_b": 1784463,
    "primary_key_b": "71A9CZ5UJ4YGTUQ2",
    "secondary_id_a": 1784462,
    "secondary_key_a": "E3XRJRWK9NZW79YP",
    "secondary_id_b": 1784464,
    "secondary_key_b": "NDDV7IN0FIAG3DCJ",
    "stats": {
      "pm2.5": 14.6,
      "pm2.5_10minute": 15.2,
      "pm2.5_30minute": 15.8,
      "pm2.5_60minute": 16.0,
      "pm2.5_6hour": 13.0,
      "pm2.5_24hour": 9.6,
      "pm2.5_1week": 2.8,
      "time_stamp": 1657805031
    },
    "stats_a": {
      "pm2.5": 15.5,
      "pm2.5_10minute": 16.0,
      "pm2.5_30minute": 16.5,
      "pm2.5_60minute": 16.8,
      "pm2.5_6hour": 13.6,
      "pm2.5_24hour": 10.0,
      "pm2.5_1week": 2.9,
      "time_stamp": 1657805031
    },
    "stats_b": {
      "pm2.5": 13.6,
      "pm2.5_10minute": 14.4,
      "pm2.5_30minute": 15.0,
      "pm2.5_60minute": 15.1,
      "pm2.5_6hour": 12.3,
      "pm2.5_24hour": 9.1,
      "pm2.5_1week": 2.7,
      "time_stamp": 1657805031
    }
  }
}