{
  "api_version": "V1.0.11-0.0.27",
  "time_stamp": 1657805119,
  "data_time_stamp": 1657805114,
  "sensor": {
    "sensor_index": 151700,
    "last_modified": 1657547966,
    "date_created": 1656505736,
    "last_seen": 1657805050,
    "private": 0,
    "is_owner": 0,
    "name": "12 Noyes Street, Concord, NH",
    "icon": 0,
    "location_type": 0,
    "model": "PA-II-SD",
    "hardware": "2.0+OPENLOG+15476 MB+DS3231+BME280+PMSX003-B+PMSX003-A",
    "led_brightness": 35,
    "firmware_version": "7.00",
    "rssi": -67,
    "uptime": 4298,
    "pa_latency": 289,
    "memory": 15184,
    "position_rating": 5,
    "latitude": 43.19211,
    "longitude": -71.54146,
    "altitude": 286,
    "channel_state": 3,
    "channel_flags": 0,
    "channel_flags_manual": 0,
    "channel_flags_auto": 0,
    "confidence": 100,
    "confidence_auto": 100,
    "confidence_manual": 100,
    "humidity": 62,
    "humidity_a": 62,
    "temperature": 75,
    "temperature_a": 75,
    "pressure": 1004.93,
    "pressure_a": 1004.93,
    "analog_input": 0.01,
    "pm1.0": 10.9,
    "pm1.0_a": 11.5,
    "pm1.0_b": 10.3,
    "pm2.5": 17.3,
    "pm2.5_a": 16.5,
    "pm2.5_b": 18.0,
    "pm2.5_alt": 11.0,
    "pm2.5_alt_a": 10.6,
    "pm2.5_alt_b": 11.4,
    "pm10.0": 18.3,
    "pm10.0_a": 17.0,
    "pm10.0_b": 19.6,
    "scattering_coefficient": 33.1,
    "scattering_coefficient_a": 33.3,
    "scattering_coefficient_b": 32.8,
    "deciviews": 16.0,
    "deciviews_a": 16.1,
    "deciviews_b": 16.0,
    "visual_range": 78.5,
    "visual_range_a": 78.0,
    "visual_range_b": 79.0,
    "0.3_um_count": 2205,
    "0.3_um_count_a": 2223,
    "0.3_um_count_b": 2188,
    "0.5_um_count": 633,
    "0.5_um_count_a": 641,
    "0.5_um_count_b": 626,
    "1.0_um_count": 119,
    "1.0_um_count_a": 107,
    "1.0_um_count_b": 132,
    "2.5_um_count": 11,
    "2.5_um_count_a": 7,
    "2.5_um_count_b": 15,
    "5.0_um_count": 1,
    "5.0_um_count_a": 0,
    "5.0_um_count_b": 2,
    "10.0_um_count": 0,
    "10.0_um_count_a": 0,
    "10.0_um_count_b": 0,
    "pm1.0_cf_1": 10.9,
    "pm1.0_cf_1_a": 11.53,
    "pm1.0_cf_1_b": 10.33,
    "pm1.0_atm": 10.9,
    "pm1.0_atm_a": 11.53,
    "pm1.0_atm_b": 10.33,
    "pm2.5_atm": 17.3,
    "pm2.5_atm_a": 16.51,
    "pm2.5_atm_b": 18.04,
    "pm2.5_cf_1": 17.3,
    "pm2.5_cf_1_a": 16.51,
    "pm2.5_cf_1_b": 18.04,
    "pm10.0_atm": 18.3,
    "pm10.0_atm_a": 17.0,
    "pm10.0_atm_b": 19.55,
    "pm10.0_cf_1": 18.3,
    "pm10.0_cf_1_a": 17.0,
    "pm10.0_cf_1_b": 19.55,
    "primary_id_a": 1784457,
    "primary_key_a": "PB81KISBP3EXW7K9",
    "primary_id_b": 1784459,
    "primary_key_b": "YZIRVQBCBJ133NTL",
    "secondary_id_a": 1784458,
    "secondary_key_a": "9LG3IVPJL6DTYT6P",
    "secondary_id_b": 1784460,
    "secondary_key_b": "0R1GJAA1UYAHT6R9",
    "stats": {
      "pm2.5": 17.3,
      "pm2.5_10minute": 17.4,
      "pm2.5_30minute": 17.2,
      "pm2.5_60minute": 16.9,
      "pm2.5_6hour": 13.4,
      "pm2.5_24hour": 8.9,
      "pm2.5_1week": 2.2,
      "time_stamp": 1657805050
    },
    "stats_a": {
      "pm2.5": 16.5,
      "pm2.5_10minute": 16.7,
      "pm2.5_30minute": 16.5,
      "pm2.5_60minute": 16.3,
      "pm2.5_6hour": 12.9,
      "pm2.5_24hour": 8.7,
      "pm2.5_1week": 2.1,
      "time_stamp": 1657805050
    },
    "stats_b": {
      "pm2.5": 18.0,
      "pm2.5_10minute": 18.2,
      "pm2.5_30minute": 17.8,
      "pm2.5_60minute": 17.5,
      "pm2.5_6hour": 13.8,
      "pm2.5_24hour": 9.1,
      "pm2.5_1week": 2.2,
      "time_stamp": 1657805050
    }
  }
}