{
  "api_version": "V1.0.11-0.0.27",
  "time_stamp": 1657805120,
  "data_time_stamp": 1657805065,
  "sensor": {
    "sensor_index": 151710,
    "last_modified": 1657725314,
    "date_created": 1656505794,
    "last_seen": 1657805011,
    "private": 0,
    "is_owner": 0,
    "name": "NH2",
    "icon": 0,
    "location_type": 0,
    "model": "PA-II-SD",
    "hardware": "2.0+OPENLOG+NO-DISK+DS3231+BME280+PMSX003-B+PMSX003-A",
    "led_brightness": 35,
    "firmware_version": "7.00",
    "rssi": -89,
    "uptime": 1312,
    "pa_latency": 562,
    "memory": 15496,
    "position_rating": 5,
    "latitude": 43.132477,
    "longitude": -71.458374,
    "altitude": 230,
    "channel_state": 3,
    "channel_flags": 0,
    "channel_flags_manual": 0,
    "channel_flags_auto": 0,
    "confidence": 100,
    "confidence_auto": 100,
    "confidence_manual": 100,
    "humidity": 58,
    "humidity_a": 58,
    "temperature": 79,
    "temperature_a": 79,
    "pressure": 1007.32,
    "pressure_a": 1007.32,
    "analog_input": 0.02,
    "pm1.0": 12.1,
    "pm1.0_a": 11.1,
    "pm1.0_b": 13.1,
    "pm2.5": 18.4,
    "pm2.5_a": 17.4,
    "pm2.5_b": 19.4,
    "pm2.5_alt": 11.4,
    "pm2.5_alt_a": 10.6,
    "pm2.5_alt_b": 12.2,
    "pm10.0": 19.2,
    "pm10.0_a": 18.3,
    "pm10.0_b": 20.1,
    "scattering_coefficient": 33.8,
    "scattering_coefficient_a": 30.8,
    "scattering_coefficient_b": 36.8,
    "deciviews": 16.2,
    "deciviews_a": 15.5,
    "deciviews_b": 16.9,
    "visual_range": 77.6,
    "visual_range_a": 83.1,
    "visual_range_b": 72.0,
    "0.3_um_count": 2252,
    "0.3_um_count_a": 2051,
    "0.3_um_count_b": 2454,
    "0.5_um_count": 618,
    "0.5_um_count_a": 568,
    "0.5_um_count_b": 669,
    "1.0_um_count": 123,
    "1.0_um_count_a": 117,
    "1.0_um_count_b": 129,
    "2.5_um_count": 8,
    "2.5_um_count_a": 9,
    "2.5_um_count_b": 7,
    "5.0_um_count": 0,
    "5.0_um_count_a": 0,
    "5.0_um_count_b": 0,
    "10.0_um_count": 0,
    "10.0_um_count_a": 0,
    "10.0_um_count_b": 0,
    "pm1.0_cf_1": 12.1,
    "pm1.0_cf_1_a": 11.1,
    "pm1.0_cf_1_b": 13.07,
    "pm1.0_atm": 12.1,
    "pm1.0_atm_a": 11.1,
    "pm1.0_atm_b": 13.07,
    "pm2.5_atm": 18.4,
    "pm2.5_atm_a": 17.38,
    "pm2.5_atm_b": 19.42,
    "pm2.5_cf_1": 18.4,
    "pm2.5_cf_1_a": 17.38,
    "pm2.5_cf_1_b": 19.42,
    "pm10.0_atm": 19.2,
    "pm10.0_atm_a": 18.28,
    "pm10.0_atm_b": 20.07,
    "pm10.0_cf_1": 19.2,
    "pm10.0_cf_1_a": 18.28,
    "pm10.0_cf_1_b": 20.07,
    "primary_id_a": 1784477,
    "primary_key_a": "NXP0QIHUQ5DHYRJG",
    "primary_id_b": 1784479,
    "primary_key_b": "BO4EQBC5TK8C6J0G",
    "secondary_id_a": 1784478,
    "secondary_key_a": "W83EZMESHPM8Y576",
    "secondary_id_b": 1784480,
    "secondary_key_b": "S5G642SWVOCC0P9N",
    "stats": {
      "pm2.5": 18.4,
      "pm2.5_10minute": 19.2,
      "pm2.5_30minute": 19.6,
      "pm2.5_60minute": 19.4,
      "pm2.5_6hour": 14.6,
      "pm2.5_24hour": 7.7,
      "pm2.5_1week": 1.5,
      "time_stamp": 1657805011
    },
    "stats_a": {
      "pm2.5": 17.4,
      "pm2.5_10minute": 18.7,
      "pm2.5_30minute": 19.5,
      "pm2.5_60minute": 19.4,
      "pm2.5_6hour": 14.8,
      "pm2.5_24hour": 7.9,
      "pm2.5_1week": 1.5,
      "time_stamp": 1657805011
    },
    "stats_b": {
      "pm2.5": 19.4,
      "pm2.5_10minute": 19.7,
      "pm2.5_30minute": 19.8,
      "pm2.5_60minute": 19.5,
      "pm2.5_6hour": 14.3,
      "pm2.5_24hour": 7.5,
      "pm2.5_1week": 1.5,
      "time_stamp": 1657805011
    }
  }
}