{
  "api_version": "V1.0.11-0.0.27",
  "time_stamp": 1657655702,
  "data_time_stamp": 1657655680,
  "sensor": {
    "sensor_index": 143456,
    "last_modified": 1651934793,
    "date_created": 1643151055,
    "last_seen": 1657655589,
    "private": 0,
    "is_owner": 0,
    "name": "Junder22",
    "icon": 0,
    "location_type": 0,
    "model": "PA-II",
    "hardware": "2.0+BME280+PMSX003-B+PMSX003-A",
    "led_brightness": 35,
    "firmware_version": "7.00",
    "rssi": -75,
    "uptime": 31485,
    "pa_latency": 518,
    "memory": 15672,
    "position_rating": 5,
    "latitude": 43.08963,
    "longitude": -71.50244,
    "altitude": 619,
    "channel_state": 3,
    "channel_flags": 0,
    "channel_flags_manual": 0,
    "channel_flags_auto": 0,
    "confidence": 100,
    "confidence_auto": 100,
    "confidence_manual": 100,
    "humidity": 39,
    "humidity_a": 39,
    "temperature": 94,
    "temperature_a": 94,
    "pressure": 982.35,
    "pressure_a": 982.35,
    "analog_input": 0.01,
    "pm1.0": 12.7,
    "pm1.0_a": 11.6,
    "pm1.0_b": 13.9,
    "pm2.5": 17.7,
    "pm2.5_a": 16.7,
    "pm2.5_b": 18.7,
    "pm2.5_alt": 10.8,
    "pm2.5_alt_a": 10.5,
    "pm2.5_alt_b": 11.1,
    "pm10.0": 18.2,
    "pm10.0_a": 17.3,
    "pm10.0_b": 19.1,
    "scattering_coefficient": 36.2,
    "scattering_coefficient_a": 34.5,
    "scattering_coefficient_b": 37.9,
    "deciviews": 16.7,
    "deciviews_a": 16.4,
    "deciviews_b": 17.1,
    "visual_range": 73.1,
    "visual_range_a": 76.0,
    "visual_range_b": 70.3,
    "0.3_um_count": 2411,
    "0.3_um_count_a": 2297,
    "0.3_um_count_b": 2526,
    "0.5_um_count": 662,
    "0.5_um_count_a": 615,
    "0.5_um_count_b": 710,
    "1.0_um_count": 103,
    "1.0_um_count_a": 103,
    "1.0_um_count_b": 103,
    "2.5_um_count": 5,
    "2.5_um_count_a": 5,
    "2.5_um_count_b": 5,
    "5.0_um_count": 0,
    "5.0_um_count_a": 0,
    "5.0_um_count_b": 0,
    "10.0_um_count": 0,
    "10.0_um_count_a": 0,
    "10.0_um_count_b": 0,
    "pm1.0_cf_1": 12.7,
    "pm1.0_cf_1_a": 11.6,
    "pm1.0_cf_1_b": 13.86,
    "pm1.0_atm": 12.7,
    "pm1.0_atm_a": 11.6,
    "pm1.0_atm_b": 13.86,
    "pm2.5_atm": 17.7,
    "pm2.5_atm_a": 16.69,
    "pm2.5_atm_b": 18.68,
    "pm2.5_cf_1": 17.7,
    "pm2.5_cf_1_a": 16.69,
    "pm2.5_cf_1_b": 18.68,
    "pm10.0_atm": 18.2,
    "pm10.0_atm_a": 17.33,
    "pm10.0_atm_b": 19.09,
    "pm10.0_cf_1": 18.2,
    "pm10.0_cf_1_a": 17.33,
    "pm10.0_cf_1_b": 19.09,
    "primary_id_a": 1640321,
    "primary_key_a": "DUQ1DHALIEN6DQPZ",
    "primary_id_b": 1640325,
    "primary_key_b": "6S4L2IFWG5GLNKG5",
    "secondary_id_a": 1640323,
    "secondary_key_a": "SJBIKJUCN4Z46AL6",
    "secondary_id_b": 1640326,
    "secondary_key_b": "GEK1ZZUK8JCHMIDW",
    "stats": {
      "pm2.5": 17.7,
      "pm2.5_10minute": 16.8,
      "pm2.5_30minute": 16.0,
      "pm2.5_60minute": 14.8,
      "pm2.5_6hour": 10.4,
      "pm2.5_24hour": 7.1,
      "pm2.5_1week": 5.6,
      "time_stamp": 1657655589
    },
    "stats_a": {
      "pm2.5": 16.7,
      "pm2.5_10minute": 15.6,
      "pm2.5_30minute": 14.9,
      "pm2.5_60minute": 13.9,
      "pm2.5_6hour": 9.9,
      "pm2.5_24hour": 6.7,
      "pm2.5_1week": 5.3,
      "time_stamp": 1657655589
    },
    "stats_b": {
      "pm2.5": 18.7,
      "pm2.5_10minute": 18.0,
      "pm2.5_30minute": 17.1,
      "pm2.5_60minute": 15.7,
      "pm2.5_6hour": 11.0,
      "pm2.5_24hour": 7.4,
      "pm2.5_1week": 5.9,
      "time_stamp": 1657655589
    }
  }
}