{
  "api_version": "V1.0.11-0.0.27",
  "time_stamp": 1657656231,
  "data_time_stamp": 1657656227,
  "sensor": {
    "sensor_index": 143456,
    "last_modified": 1651934793,
    "date_created": 1643151055,
    "last_seen": 1657656189,
    "private": 0,
    "is_owner": 0,
    "name": "Junder22",
    "icon": 0,
    "location_type": 0,
    "model": "PA-II",
    "hardware": "2.0+BME280+PMSX003-B+PMSX003-A",
    "led_brightness": 35,
    "firmware_version": "7.00",
    "rssi": -74,
    "uptime": 31495,
    "pa_latency": 418,
    "memory": 15672,
    "position_rating": 5,
    "latitude": 43.08963,
    "longitude": -71.50244,
    "altitude": 619,
    "channel_state": 3,
    "channel_flags": 0,
    "channel_flags_manual": 0,
    "channel_flags_auto": 0,
    "confidence": 100,
    "confidence_auto": 100,
    "confidence_manual": 100,
    "humidity": 38,
    "humidity_a": 38,
    "temperature": 94,
    "temperature_a": 94,
    "pressure": 982.25,
    "pressure_a": 982.25,
    "analog_input": 0.01,
    "pm1.0": 13.0,
    "pm1.0_a": 11.8,
    "pm1.0_b": 14.2,
    "pm2.5": 16.9,
    "pm2.5_a": 15.4,
    "pm2.5_b": 18.4,
    "pm2.5_alt": 10.5,
    "pm2.5_alt_a": 9.7,
    "pm2.5_alt_b": 11.4,
    "pm10.0": 17.1,
    "pm10.0_a": 15.7,
    "pm10.0_b": 18.5,
    "scattering_coefficient": 35.0,
    "scattering_coefficient_a": 33.4,
    "scattering_coefficient_b": 36.7,
    "deciviews": 16.5,
    "deciviews_a": 16.1,
    "deciviews_b": 16.9,
    "visual_range": 75.1,
    "visual_range_a": 77.9,
    "visual_range_b": 72.2,
    "0.3_um_count": 2335,
    "0.3_um_count_a": 2225,
    "0.3_um_count_b": 2446,
    "0.5_um_count": 643,
    "0.5_um_count_a": 596,
    "0.5_um_count_b": 691,
    "1.0_um_count": 97,
    "1.0_um_count_a": 87,
    "1.0_um_count_b": 107,
    "2.5_um_count": 1,
    "2.5_um_count_a": 1,
    "2.5_um_count_b": 2,
    "5.0_um_count": 0,
    "5.0_um_count_a": 0,
    "5.0_um_count_b": 0,
    "10.0_um_count": 0,
    "10.0_um_count_a": 0,
    "10.0_um_count_b": 0,
    "pm1.0_cf_1": 13.0,
    "pm1.0_cf_1_a": 11.8,
    "pm1.0_cf_1_b": 14.18,
    "pm1.0_atm": 13.0,
    "pm1.0_atm_a": 11.8,
    "pm1.0_atm_b": 14.18,
    "pm2.5_atm": 16.9,
    "pm2.5_atm_a": 15.44,
    "pm2.5_atm_b": 18.39,
    "pm2.5_cf_1": 16.9,
    "pm2.5_cf_1_a": 15.44,
    "pm2.5_cf_1_b": 18.39,
    "pm10.0_atm": 17.1,
    "pm10.0_atm_a": 15.67,
    "pm10.0_atm_b": 18.5,
    "pm10.0_cf_1": 17.1,
    "pm10.0_cf_1_a": 15.67,
    "pm10.0_cf_1_b": 18.5,
    "primary_id_a": 1640321,
    "primary_key_a": "DUQ1DHALIEN6DQPZ",
    "primary_id_b": 1640325,
    "primary_key_b": "6S4L2IFWG5GLNKG5",
    "secondary_id_a": 1640323,
    "secondary_key_a": "SJBIKJUCN4Z46AL6",
    "secondary_id_b": 1640326,
    "secondary_key_b": "GEK1ZZUK8JCHMIDW",
    "stats": {
      "pm2.5": 16.9,
      "pm2.5_10minute": 17.0,
      "pm2.5_30minute": 16.2,
      "pm2.5_60minute": 15.0,
      "pm2.5_6hour": 10.6,
      "pm2.5_24hour": 7.2,
      "pm2.5_1week": 5.6,
      "time_stamp": 1657656189
    },
    "stats_a": {
      "pm2.5": 15.4,
      "pm2.5_10minute": 15.7,
      "pm2.5_30minute": 15.1,
      "pm2.5_60minute": 14.0,
      "pm2.5_6hour": 10.0,
      "pm2.5_24hour": 6.8,
      "pm2.5_1week": 5.3,
      "time_stamp": 1657656189
    },
    "stats_b": {
      "pm2.5": 18.4,
      "pm2.5_10minute": 18.3,
      "pm2.5_30minute": 17.4,
      "pm2.5_60minute": 16.0,
      "pm2.5_6hour": 11.1,
      "pm2.5_24hour": 7.5,
      "pm2.5_1week": 5.9,
      "time_stamp": 1657656189
    }
  }
}