{
  "api_version": "V1.0.11-0.0.27",
  "time_stamp": 1657650262,
  "data_time_stamp": 1657650218,
  "sensor": {
    "sensor_index": 143456,
    "last_modified": 1651934793,
    "date_created": 1643151055,
    "last_seen": 1657650187,
    "private": 0,
    "is_owner": 0,
    "name": "Junder22",
    "icon": 0,
    "location_type": 0,
    "model": "PA-II",
    "hardware": "2.0+BME280+PMSX003-B+PMSX003-A",
    "led_brightness": 35,
    "firmware_version": "7.00",
    "rssi": -77,
    "uptime": 31395,
    "pa_latency": 293,
    "memory": 15672,
    "position_rating": 5,
    "latitude": 43.08963,
    "longitude": -71.50244,
    "altitude": 619,
    "channel_state": 3,
    "channel_flags": 0,
    "channel_flags_manual": 0,
    "channel_flags_auto": 0,
    "confidence": 100,
    "confidence_auto": 100,
    "confidence_manual": 100,
    "humidity": 38,
    "humidity_a": 38,
    "temperature": 94,
    "temperature_a": 94,
    "pressure": 983.23,
    "pressure_a": 983.23,
    "analog_input": 0.01,
    "pm1.0": 11.6,
    "pm1.0_a": 11.0,
    "pm1.0_b": 12.2,
    "pm2.5": 15.7,
    "pm2.5_a": 14.4,
    "pm2.5_b": 17.0,
    "pm2.5_alt": 10.2,
    "pm2.5_alt_a": 9.7,
    "pm2.5_alt_b": 10.6,
    "pm10.0": 15.9,
    "pm10.0_a": 14.5,
    "pm10.0_b": 17.3,
    "scattering_coefficient": 32.7,
    "scattering_coefficient_a": 32.3,
    "scattering_coefficient_b": 33.0,
    "deciviews": 15.9,
    "deciviews_a": 15.8,
    "deciviews_b": 16.0,
    "visual_range": 79.3,
    "visual_range_a": 79.9,
    "visual_range_b": 78.6,
    "0.3_um_count": 2178,
    "0.3_um_count_a": 2155,
    "0.3_um_count_b": 2202,
    "0.5_um_count": 605,
    "0.5_um_count_a": 575,
    "0.5_um_count_b": 635,
    "1.0_um_count": 97,
    "1.0_um_count_a": 90,
    "1.0_um_count_b": 105,
    "2.5_um_count": 2,
    "2.5_um_count_a": 1,
    "2.5_um_count_b": 4,
    "5.0_um_count": 0,
    "5.0_um_count_a": 0,
    "5.0_um_count_b": 0,
    "10.0_um_count": 0,
    "10.0_um_count_a": 0,
    "10.0_um_count_b": 0,
    "pm1.0_cf_1": 11.6,
    "pm1.0_cf_1_a": 11.02,
    "pm1.0_cf_1_b": 12.24,
    "pm1.0_atm": 11.6,
    "pm1.0_atm_a": 11.02,
    "pm1.0_atm_b": 12.24,
    "pm2.5_atm": 15.7,
    "pm2.5_atm_a": 14.37,
    "pm2.5_atm_b": 17.02,
    "pm2.5_cf_1": 15.7,
    "pm2.5_cf_1_a": 14.37,
    "pm2.5_cf_1_b": 17.02,
    "pm10.0_atm": 15.9,
    "pm10.0_atm_a": 14.52,
    "pm10.0_atm_b": 17.29,
    "pm10.0_cf_1": 15.9,
    "pm10.0_cf_1_a": 14.52,
    "pm10.0_cf_1_b": 17.29,
    "primary_id_a": 1640321,
    "primary_key_a": "DUQ1DHALIEN6DQPZ",
    "primary_id_b": 1640325,
    "primary_key_b": "6S4L2IFWG5GLNKG5",
    "secondary_id_a": 1640323,
    "secondary_key_a": "SJBIKJUCN4Z46AL6",
    "secondary_id_b": 1640326,
    "secondary_key_b": "GEK1ZZUK8JCHMIDW",
    "stats": {
      "pm2.5": 15.7,
      "pm2.5_10minute": 15.1,
      "pm2.5_30minute": 14.1,
      "pm2.5_60minute": 13.0,
      "pm2.5_6hour": 9.6,
      "pm2.5_24hour": 6.8,
      "pm2.5_1week": 5.6,
      "time_stamp": 1657650187
    },
    "stats_a": {
      "pm2.5": 14.4,
      "pm2.5_10minute": 14.2,
      "pm2.5_30minute": 13.3,
      "pm2.5_60minute": 12.3,
      "pm2.5_6hour": 9.2,
      "pm2.5_24hour": 6.5,
      "pm2.5_1week": 5.3,
      "time_stamp": 1657650187
    },
    "stats_b": {
      "pm2.5": 17.0,
      "pm2.5_10minute": 16.0,
      "pm2.5_30minute": 14.9,
      "pm2.5_60minute": 13.7,
      "pm2.5_6hour": 10.1,
      "pm2.5_24hour": 7.1,
      "pm2.5_1week": 5.9,
      "time_stamp": 1657650187
    }
  }
}