{
  "api_version": "V1.0.11-0.0.27",
  "time_stamp": 1657650262,
  "data_time_stamp": 1657650218,
  "sensor": {
    "sensor_index": 151700,
    "last_modified": 1657547966,
    "date_created": 1656505736,
    "last_seen": 1657650116,
    "private": 0,
    "is_owner": 0,
    "name": "12 Noyes Street, Concord, NH",
    "icon": 0,
    "location_type": 0,
    "model": "PA-II-SD",
    "hardware": "2.0+OPENLOG+15476 MB+DS3231+BME280+PMSX003-B+PMSX003-A",
    "led_brightness": 35,
    "firmware_version": "7.00",
    "rssi": -66,
    "uptime": 1716,
    "pa_latency": 271,
    "memory": 15184,
    "position_rating": 5,
    "latitude": 43.19211,
    "longitude": -71.54146,
    "altitude": 286,
    "channel_state": 3,
    "channel_flags": 0,
    "channel_flags_manual": 0,
    "channel_flags_auto": 0,
    "confidence": 100,
    "confidence_auto": 100,
    "confidence_manual": 100,
    "humidity": 42,
    "humidity_a": 42,
    "temperature": 91,
    "temperature_a": 91,
    "pressure": 992.96,
    "pressure_a": 992.96,
    "analog_input": 0.01,
    "pm1.0": 10.0,
    "pm1.0_a": 11.0,
    "pm1.0_b": 9.1,
    "pm2.5": 13.7,
    "pm2.5_a": 14.1,
    "pm2.5_b": 13.3,
    "pm2.5_alt": 9.3,
    "pm2.5_alt_a": 9.4,
    "pm2.5_alt_b": 9.2,
    "pm10.0": 14.3,
    "pm10.0_a": 14.6,
    "pm10.0_b": 14.1,
    "scattering_coefficient": 31.4,
    "scattering_coefficient_a": 32.5,
    "scattering_coefficient_b": 30.2,
    "deciviews": 15.6,
    "deciviews_a": 15.9,
    "deciviews_b": 15.3,
    "visual_range": 82.0,
    "visual_range_a": 79.6,
    "visual_range_b": 84.3,
    "0.3_um_count": 2090,
    "0.3_um_count_a": 2165,
    "0.3_um_count_b": 2015,
    "0.5_um_count": 585,
    "0.5_um_count_a": 615,
    "0.5_um_count_b": 555,
    "1.0_um_count": 87,
    "1.0_um_count_a": 83,
    "1.0_um_count_b": 91,
    "2.5_um_count": 4,
    "2.5_um_count_a": 2,
    "2.5_um_count_b": 6,
    "5.0_um_count": 0,
    "5.0_um_count_a": 0,
    "5.0_um_count_b": 0,
    "10.0_um_count": 0,
    "10.0_um_count_a": 0,
    "10.0_um_count_b": 0,
    "pm1.0_cf_1": 10.0,
    "pm1.0_cf_1_a": 11.0,
    "pm1.0_cf_1_b": 9.06,
    "pm1.0_atm": 10.0,
    "pm1.0_atm_a": 11.0,
    "pm1.0_atm_b": 9.06,
    "pm2.5_atm": 13.7,
    "pm2.5_atm_a": 14.09,
    "pm2.5_atm_b": 13.33,
    "pm2.5_cf_1": 13.7,
    "pm2.5_cf_1_a": 14.09,
    "pm2.5_cf_1_b": 13.33,
    "pm10.0_atm": 14.3,
    "pm10.0_atm_a": 14.6,
    "pm10.0_atm_b": 14.09,
    "pm10.0_cf_1": 14.3,
    "pm10.0_cf_1_a": 14.6,
    "pm10.0_cf_1_b": 14.09,
    "primary_id_a": 1784457,
    "primary_key_a": "PB81KISBP3EXW7K9",
    "primary_id_b": 1784459,
    "primary_key_b": "YZIRVQBCBJ133NTL",
    "secondary_id_a": 1784458,
    "secondary_key_a": "9LG3IVPJL6DTYT6P",
    "secondary_id_b": 1784460,
    "secondary_key_b": "0R1GJAA1UYAHT6R9",
    "stats": {
      "pm2.5": 13.7,
      "pm2.5_10minute": 14.1,
      "pm2.5_30minute": 13.8,
      "pm2.5_60minute": 13.1,
      "pm2.5_6hour": 9.8,
      "pm2.5_24hour": 4.6,
      "pm2.5_1week": 0.9,
      "time_stamp": 1657650116
    },
    "stats_a": {
      "pm2.5": 14.1,
      "pm2.5_10minute": 14.1,
      "pm2.5_30minute": 13.7,
      "pm2.5_60minute": 13.0,
      "pm2.5_6hour": 9.7,
      "pm2.5_24hour": 4.6,
      "pm2.5_1week": 0.8,
      "time_stamp": 1657650116
    },
    "stats_b": {
      "pm2.5": 13.3,
      "pm2.5_10minute": 14.2,
      "pm2.5_30minute": 13.9,
      "pm2.5_60minute": 13.2,
      "pm2.5_6hour": 9.9,
      "pm2.5_24hour": 4.7,
      "pm2.5_1week": 0.9,
      "time_stamp": 1657650116
    }
  }
}