{
  "api_version": "V1.0.11-0.0.27",
  "time_stamp": 1657655702,
  "data_time_stamp": 1657655680,
  "sensor": {
    "sensor_index": 151700,
    "last_modified": 1657547966,
    "date_created": 1656505736,
    "last_seen": 1657655637,
    "private": 0,
    "is_owner": 0,
    "name": "12 Noyes Street, Concord, NH",
    "icon": 0,
    "location_type": 0,
    "model": "PA-II-SD",
    "hardware": "2.0+OPENLOG+15476 MB+DS3231+BME280+PMSX003-B+PMSX003-A",
    "led_brightness": 35,
    "firmware_version": "7.00",
    "rssi": -67,
    "uptime": 1808,
    "pa_latency": 299,
    "memory": 15016,
    "position_rating": 5,
    "latitude": 43.19211,
    "longitude": -71.54146,
    "altitude": 286,
    "channel_state": 3,
    "channel_flags": 0,
    "channel_flags_manual": 0,
    "channel_flags_auto": 0,
    "confidence": 100,
    "confidence_auto": 100,
    "confidence_manual": 100,
    "humidity": 40,
    "humidity_a": 40,
    "temperature": 92,
    "temperature_a": 92,
    "pressure": 992.2,
    "pressure_a": 992.2,
    "analog_input": 0.01,
    "pm1.0": 12.3,
    "pm1.0_a": 13.7,
    "pm1.0_b": 11.0,
    "pm2.5": 16.5,
    "pm2.5_a": 17.3,
    "pm2.5_b": 15.6,
    "pm2.5_alt": 10.7,
    "pm2.5_alt_a": 10.7,
    "pm2.5_alt_b": 10.7,
    "pm10.0": 16.8,
    "pm10.0_a": 17.9,
    "pm10.0_b": 15.8,
    "scattering_coefficient": 37.3,
    "scattering_coefficient_a": 39.3,
    "scattering_coefficient_b": 35.4,
    "deciviews": 17.0,
    "deciviews_a": 17.4,
    "deciviews_b": 16.6,
    "visual_range": 71.3,
    "visual_range_a": 68.2,
    "visual_range_b": 74.3,
    "0.3_um_count": 2489,
    "0.3_um_count_a": 2620,
    "0.3_um_count_b": 2359,
    "0.5_um_count": 689,
    "0.5_um_count_a": 738,
    "0.5_um_count_b": 640,
    "1.0_um_count": 97,
    "1.0_um_count_a": 92,
    "1.0_um_count_b": 103,
    "2.5_um_count": 4,
    "2.5_um_count_a": 5,
    "2.5_um_count_b": 4,
    "5.0_um_count": 0,
    "5.0_um_count_a": 0,
    "5.0_um_count_b": 0,
    "10.0_um_count": 0,
    "10.0_um_count_a": 0,
    "10.0_um_count_b": 0,
    "pm1.0_cf_1": 12.3,
    "pm1.0_cf_1_a": 13.68,
    "pm1.0_cf_1_b": 10.98,
    "pm1.0_atm": 12.3,
    "pm1.0_atm_a": 13.68,
    "pm1.0_atm_b": 10.98,
    "pm2.5_atm": 16.5,
    "pm2.5_atm_a": 17.34,
    "pm2.5_atm_b": 15.64,
    "pm2.5_cf_1": 16.5,
    "pm2.5_cf_1_a": 17.34,
    "pm2.5_cf_1_b": 15.64,
    "pm10.0_atm": 16.8,
    "pm10.0_atm_a": 17.86,
    "pm10.0_atm_b": 15.83,
    "pm10.0_cf_1": 16.8,
    "pm10.0_cf_1_a": 17.86,
    "pm10.0_cf_1_b": 15.83,
    "primary_id_a": 1784457,
    "primary_key_a": "PB81KISBP3EXW7K9",
    "primary_id_b": 1784459,
    "primary_key_b": "YZIRVQBCBJ133NTL",
    "secondary_id_a": 1784458,
    "secondary_key_a": "9LG3IVPJL6DTYT6P",
    "secondary_id_b": 1784460,
    "secondary_key_b": "0R1GJAA1UYAHT6R9",
    "stats": {
      "pm2.5": 16.5,
      "pm2.5_10minute": 16.6,
      "pm2.5_30minute": 15.8,
      "pm2.5_60minute": 14.8,
      "pm2.5_6hour": 10.5,
      "pm2.5_24hour": 5.0,
      "pm2.5_1week": 0.9,
      "time_stamp": 1657655637
    },
    "stats_a": {
      "pm2.5": 17.3,
      "pm2.5_10minute": 16.5,
      "pm2.5_30minute": 15.6,
      "pm2.5_60minute": 14.6,
      "pm2.5_6hour": 10.4,
      "pm2.5_24hour": 5.0,
      "pm2.5_1week": 0.9,
      "time_stamp": 1657655637
    },
    "stats_b": {
      "pm2.5": 15.6,
      "pm2.5_10minute": 16.7,
      "pm2.5_30minute": 15.9,
      "pm2.5_60minute": 14.9,
      "pm2.5_6hour": 10.6,
      "pm2.5_24hour": 5.1,
      "pm2.5_1week": 0.9,
      "time_stamp": 1657655637
    }
  }
}