{
  "api_version": "V1.0.11-0.0.27",
  "time_stamp": 1657650262,
  "data_time_stamp": 1657650218,
  "sensor": {
    "sensor_index": 151702,
    "last_modified": 1657293002,
    "date_created": 1656505747,
    "last_seen": 1657650217,
    "private": 0,
    "is_owner": 0,
    "name": "NHDES_katerr",
    "icon": 0,
    "location_type": 0,
    "model": "PA-II-SD",
    "hardware": "2.0+OPENLOG+15476 MB+DS3231+BME280+PMSX003-B+PMSX003-A",
    "led_brightness": 35,
    "firmware_version": "7.00",
    "rssi": -85,
    "uptime": 6032,
    "pa_latency": 229,
    "memory": 15184,
    "position_rating": 0,
    "latitude": 43.11861,
    "longitude": -71.61618,
    "altitude": 885,
    "channel_state": 3,
    "channel_flags": 0,
    "channel_flags_manual": 0,
    "channel_flags_auto": 0,
    "confidence": 100,
    "confidence_auto": 100,
    "confidence_manual": 100,
    "humidity": 32,
    "humidity_a": 32,
    "temperature": 98,
    "temperature_a": 98,
    "pressure": 973.11,
    "pressure_a": 973.11,
    "analog_input": 0.01,
    "pm1.0": 10.0,
    "pm1.0_a": 10.0,
    "pm1.0_b": 10.1,
    "pm2.5": 14.3,
    "pm2.5_a": 14.5,
    "pm2.5_b": 14.2,
    "pm2.5_alt": 10.0,
    "pm2.5_alt_a": 10.0,
    "pm2.5_alt_b": 10.1,
    "pm10.0": 14.7,
    "pm10.0_a": 14.8,
    "pm10.0_b": 14.6,
    "scattering_coefficient": 35.5,
    "scattering_coefficient_a": 34.9,
    "scattering_coefficient_b": 36.1,
    "deciviews": 16.6,
    "deciviews_a": 16.5,
    "deciviews_b": 16.7,
    "visual_range": 74.2,
    "visual_range_a": 75.2,
    "visual_range_b": 73.1,
    "0.3_um_count": 2366,
    "0.3_um_count_a": 2325,
    "0.3_um_count_b": 2407,
    "0.5_um_count": 626,
    "0.5_um_count_a": 621,
    "0.5_um_count_b": 631,
    "1.0_um_count": 92,
    "1.0_um_count_a": 93,
    "1.0_um_count_b": 92,
    "2.5_um_count": 4,
    "2.5_um_count_a": 5,
    "2.5_um_count_b": 4,
    "5.0_um_count": 0,
    "5.0_um_count_a": 0,
    "5.0_um_count_b": 0,
    "10.0_um_count": 0,
    "10.0_um_count_a": 0,
    "10.0_um_count_b": 0,
    "pm1.0_cf_1": 10.0,
    "pm1.0_cf_1_a": 9.95,
    "pm1.0_cf_1_b": 10.07,
    "pm1.0_atm": 10.0,
    "pm1.0_atm_a": 9.95,
    "pm1.0_atm_b": 10.07,
    "pm2.5_atm": 14.3,
    "pm2.5_atm_a": 14.5,
    "pm2.5_atm_b": 14.16,
    "pm2.5_cf_1": 14.3,
    "pm2.5_cf_1_a": 14.5,
    "pm2.5_cf_1_b": 14.16,
    "pm10.0_atm": 14.7,
    "pm10.0_atm_a": 14.75,
    "pm10.0_atm_b": 14.64,
    "pm10.0_cf_1": 14.7,
    "pm10.0_cf_1_a": 14.75,
    "pm10.0_cf_1_b": 14.64,
    "primary_id_a": 1784461,
    "primary_key_a": "A0IJ036DV9SKCFLE",
    "primary_id_b": 1784463,
    "primary_key_b": "71A9CZ5UJ4YGTUQ2",
    "secondary_id_a": 1784462,
    "secondary_key_a": "E3XRJRWK9NZW79YP",
    "secondary_id_b": 1784464,
    "secondary_key_b": "NDDV7IN0FIAG3DCJ",
    "stats": {
      "pm2.5": 14.3,
      "pm2.5_10minute": 14.1,
      "pm2.5_30minute": 13.4,
      "pm2.5_60minute": 12.7,
      "pm2.5_6hour": 10.9,
      "pm2.5_24hour": 6.9,
      "pm2.5_1week": 1.7,
      "time_stamp": 1657650217
    },
    "stats_a": {
      "pm2.5": 14.5,
      "pm2.5_10minute": 14.6,
      "pm2.5_30minute": 13.8,
      "pm2.5_60minute": 13.1,
      "pm2.5_6hour": 11.3,
      "pm2.5_24hour": 7.2,
      "pm2.5_1week": 1.8,
      "time_stamp": 1657650217
    },
    "stats_b": {
      "pm2.5": 14.2,
      "pm2.5_10minute": 13.7,
      "pm2.5_30minute": 13.0,
      "pm2.5_60minute": 12.3,
      "pm2.5_6hour": 10.5,
      "pm2.5_24hour": 6.6,
      "pm2.5_1week": 1.6,
      "time_stamp": 1657650217
    }
  }
}