{
  "api_version": "V1.0.11-0.0.27",
  "time_stamp": 1657656232,
  "data_time_stamp": 1657656227,
  "sensor": {
    "sensor_index": 151702,
    "last_modified": 1657293002,
    "date_created": 1656505747,
    "last_seen": 1657656217,
    "private": 0,
    "is_owner": 0,
    "name": "NHDES_katerr",
    "icon": 0,
    "location_type": 0,
    "model": "PA-II-SD",
    "hardware": "2.0+OPENLOG+15476 MB+DS3231+BME280+PMSX003-B+PMSX003-A",
    "led_brightness": 35,
    "firmware_version": "7.00",
    "rssi": -83,
    "uptime": 6132,
    "pa_latency": 238,
    "memory": 15184,
    "position_rating": 0,
    "latitude": 43.11861,
    "longitude": -71.61618,
    "altitude": 885,
    "channel_state": 3,
    "channel_flags": 0,
    "channel_flags_manual": 0,
    "channel_flags_auto": 0,
    "confidence": 100,
    "confidence_auto": 100,
    "confidence_manual": 100,
    "humidity": 39,
    "humidity_a": 39,
    "temperature": 94,
    "temperature_a": 94,
    "pressure": 972.22,
    "pressure_a": 972.22,
    "analog_input": 0.01,
    "pm1.0": 12.6,
    "pm1.0_a": 12.6,
    "pm1.0_b": 12.7,
    "pm2.5": 17.2,
    "pm2.5_a": 18.2,
    "pm2.5_b": 16.3,
    "pm2.5_alt": 11.3,
    "pm2.5_alt_a": 11.6,
    "pm2.5_alt_b": 11.0,
    "pm10.0": 17.8,
    "pm10.0_a": 18.6,
    "pm10.0_b": 17.0,
    "scattering_coefficient": 40.8,
    "scattering_coefficient_a": 42.0,
    "scattering_coefficient_b": 39.6,
    "deciviews": 17.7,
    "deciviews_a": 18.0,
    "deciviews_b": 17.5,
    "visual_range": 66.1,
    "visual_range_a": 64.5,
    "visual_range_b": 67.8,
    "0.3_um_count": 2722,
    "0.3_um_count_a": 2802,
    "0.3_um_count_b": 2642,
    "0.5_um_count": 724,
    "0.5_um_count_a": 756,
    "0.5_um_count_b": 692,
    "1.0_um_count": 102,
    "1.0_um_count_a": 105,
    "1.0_um_count_b": 99,
    "2.5_um_count": 5,
    "2.5_um_count_a": 7,
    "2.5_um_count_b": 3,
    "5.0_um_count": 0,
    "5.0_um_count_a": 0,
    "5.0_um_count_b": 0,
    "10.0_um_count": 0,
    "10.0_um_count_a": 0,
    "10.0_um_count_b": 0,
    "pm1.0_cf_1": 12.6,
    "pm1.0_cf_1_a": 12.58,
    "pm1.0_cf_1_b": 12.66,
    "pm1.0_atm": 12.6,
    "pm1.0_atm_a": 12.58,
    "pm1.0_atm_b": 12.66,
    "pm2.5_atm": 17.2,
    "pm2.5_atm_a": 18.15,
    "pm2.5_atm_b": 16.33,
    "pm2.5_cf_1": 17.2,
    "pm2.5_cf_1_a": 18.15,
    "pm2.5_cf_1_b": 16.33,
    "pm10.0_atm": 17.8,
    "pm10.0_atm_a": 18.63,
    "pm10.0_atm_b": 16.95,
    "pm10.0_cf_1": 17.8,
    "pm10.0_cf_1_a": 18.63,
    "pm10.0_cf_1_b": 16.95,
    "primary_id_a": 1784461,
    "primary_key_a": "A0IJ036DV9SKCFLE",
    "primary_id_b": 1784463,
    "primary_key_b": "71A9CZ5UJ4YGTUQ2",
    "secondary_id_a": 1784462,
    "secondary_key_a": "E3XRJRWK9NZW79YP",
    "secondary_id_b": 1784464,
    "secondary_key_b": "NDDV7IN0FIAG3DCJ",
    "stats": {
      "pm2.5": 17.2,
      "pm2.5_10minute": 17.1,
      "pm2.5_30minute": 15.9,
      "pm2.5_60minute": 14.6,
      "pm2.5_6hour": 11.6,
      "pm2.5_24hour": 7.2,
      "pm2.5_1week": 1.8,
      "time_stamp": 1657656217
    },
    "stats_a": {
      "pm2.5": 18.2,
      "pm2.5_10minute": 17.7,
      "pm2.5_30minute": 16.5,
      "pm2.5_60minute": 15.2,
      "pm2.5_6hour": 12.0,
      "pm2.5_24hour": 7.5,
      "pm2.5_1week": 1.9,
      "time_stamp": 1657656217
    },
    "stats_b": {
      "pm2.5": 16.3,
      "pm2.5_10minute": 16.5,
      "pm2.5_30minute": 15.3,
      "pm2.5_60minute": 14.1,
      "pm2.5_6hour": 11.1,
      "pm2.5_24hour": 6.9,
      "pm2.5_1week": 1.7,
      "time_stamp": 1657656217
    }
  }
}