{
  "api_version": "V1.0.11-0.0.27",
  "time_stamp": 1657650261,
  "data_time_stamp": 1657650218,
  "sensor": {
    "sensor_index": 151708,
    "last_modified": 1657649897,
    "date_created": 1656505783,
    "last_seen": 1657650135,
    "private": 0,
    "is_owner": 0,
    "name": "NH1",
    "icon": 0,
    "location_type": 0,
    "model": "PA-II-SD",
    "hardware": "2.0+OPENLOG+31037 MB+DS3231+BME280+BME680+PMSX003-B+PMSX003-A",
    "led_brightness": 35,
    "firmware_version": "7.00",
    "rssi": -76,
    "uptime": 1750,
    "pa_latency": 307,
    "memory": 15072,
    "position_rating": 5,
    "latitude": 43.192066,
    "longitude": -71.54151,
    "altitude": 288,
    "channel_state": 3,
    "channel_flags": 0,
    "channel_flags_manual": 0,
    "channel_flags_auto": 0,
    "confidence": 100,
    "confidence_auto": 100,
    "confidence_manual": 100,
    "humidity": 44,
    "humidity_a": 45,
    "humidity_b": 43,
    "temperature": 91,
    "temperature_a": 91,
    "temperature_b": 92,
    "pressure": 993.43,
    "pressure_a": 993.11,
    "pressure_b": 993.75,
    "voc": 28.7,
    "voc_b": 28.71,
    "analog_input": 0.0,
    "pm1.0": 6.2,
    "pm1.0_a": 6.6,
    "pm1.0_b": 5.8,
    "pm2.5": 13.0,
    "pm2.5_a": 12.4,
    "pm2.5_b": 13.6,
    "pm2.5_alt": 6.7,
    "pm2.5_alt_a": 6.8,
    "pm2.5_alt_b": 6.7,
    "pm10.0": 14.8,
    "pm10.0_a": 14.7,
    "pm10.0_b": 14.8,
    "0.3_um_count": 640,
    "0.3_um_count_a": 694,
    "0.3_um_count_b": 587,
    "0.5_um_count": 553,
    "0.5_um_count_a": 556,
    "0.5_um_count_b": 550,
    "1.0_um_count": 63,
    "1.0_um_count_a": 64,
    "1.0_um_count_b": 63,
    "2.5_um_count": 0,
    "2.5_um_count_a": 0,
    "2.5_um_count_b": 0,
    "5.0_um_count": 0,
    "5.0_um_count_a": 0,
    "5.0_um_count_b": 0,
    "10.0_um_count": 0,
    "10.0_um_count_a": 0,
    "10.0_um_count_b": 0,
    "pm1.0_cf_1": 6.2,
    "pm1.0_cf_1_a": 6.6,
    "pm1.0_cf_1_b": 5.83,
    "pm1.0_atm": 6.2,
    "pm1.0_atm_a": 6.6,
    "pm1.0_atm_b": 5.83,
    "pm2.5_atm": 13.0,
    "pm2.5_atm_a": 12.38,
    "pm2.5_atm_b": 13.57,
    "pm2.5_cf_1": 13.0,
    "pm2.5_cf_1_a": 12.38,
    "pm2.5_cf_1_b": 13.57,
    "pm10.0_atm": 14.8,
    "pm10.0_atm_a": 14.69,
    "pm10.0_atm_b": 14.81,
    "pm10.0_cf_1": 14.8,
    "pm10.0_cf_1_a": 14.69,
    "pm10.0_cf_1_b": 14.81,
    "primary_id_a": 1784473,
    "primary_key_a": "RECLPTF41NFVAGZS",
    "primary_id_b": 1784475,
    "primary_key_b": "F5P8XN29WYFV4N87",
    "secondary_id_a": 1784474,
    "secondary_key_a": "SX1Z89WJKRZTSAKK",
    "secondary_id_b": 1784476,
    "secondary_key_b": "7LDKL9Q9YP56VMU9",
    "stats": {
      "pm2.5": 13.0,
      "pm2.5_10minute": 12.7,
      "pm2.5_30minute": 12.0,
      "pm2.5_60minute": 10.9,
      "pm2.5_6hour": 7.3,
      "pm2.5_24hour": 3.4,
      "pm2.5_1week": 0.6,
      "time_stamp": 1657650135
    },
    "stats_a": {
      "pm2.5": 12.4,
      "pm2.5_10minute": 12.8,
      "pm2.5_30minute": 12.1,
      "pm2.5_60minute": 11.0,
      "pm2.5_6hour": 7.4,
      "pm2.5_24hour": 3.5,
      "pm2.5_1week": 0.6,
      "time_stamp": 1657650135
    },
    "stats_b": {
      "pm2.5": 13.6,
      "pm2.5_10minute": 12.6,
      "pm2.5_30minute": 11.9,
      "pm2.5_60minute": 10.8,
      "pm2.5_6hour": 7.2,
      "pm2.5_24hour": 3.3,
      "pm2.5_1week": 0.6,
      "time_stamp": 1657650135
    }
  }
}