{
  "api_version": "V1.0.11-0.0.27",
  "time_stamp": 1657648253,
  "data_time_stamp": 1657648245,
  "sensor": {
    "sensor_index": 151700,
    "last_modified": 1657547966,
    "date_created": 1656505736,
    "last_seen": 1657648196,
    "private": 0,
    "is_owner": 0,
    "name": "12 Noyes Street, Concord, NH",
    "icon": 0,
    "location_type": 0,
    "model": "PA-II-SD",
    "hardware": "2.0+OPENLOG+15476 MB+DS3231+BME280+PMSX003-B+PMSX003-A",
    "led_brightness": 35,
    "firmware_version": "7.00",
    "rssi": -67,
    "uptime": 1684,
    "pa_latency": 279,
    "memory": 15184,
    "position_rating": 5,
    "latitude": 43.19211,
    "longitude": -71.54146,
    "altitude": 286,
    "channel_state": 3,
    "channel_flags": 0,
    "channel_flags_manual": 0,
    "channel_flags_auto": 0,
    "confidence": 100,
    "confidence_auto": 100,
    "confidence_manual": 100,
    "humidity": 41,
    "humidity_a": 41,
    "temperature": 89,
    "temperature_a": 89,
    "pressure": 991.94,
    "pressure_a": 991.94,
    "analog_input": 0.01,
    "pm1.0": 10.0,
    "pm1.0_a": 10.7,
    "pm1.0_b": 9.2,
    "pm2.5": 13.6,
    "pm2.5_a": 14.0,
    "pm2.5_b": 13.3,
    "pm2.5_alt": 8.9,
    "pm2.5_alt_a": 8.6,
    "pm2.5_alt_b": 9.1,
    "pm10.0": 14.1,
    "pm10.0_a": 14.4,
    "pm10.0_b": 13.8,
    "scattering_coefficient": 30.9,
    "scattering_coefficient_a": 31.0,
    "scattering_coefficient_b": 30.8,
    "deciviews": 15.5,
    "deciviews_a": 15.5,
    "deciviews_b": 15.5,
    "visual_range": 82.9,
    "visual_range_a": 82.7,
    "visual_range_b": 83.0,
    "0.3_um_count": 2059,
    "0.3_um_count_a": 2064,
    "0.3_um_count_b": 2054,
    "0.5_um_count": 576,
    "0.5_um_count_a": 592,
    "0.5_um_count_b": 560,
    "1.0_um_count": 79,
    "1.0_um_count_a": 74,
    "1.0_um_count_b": 85,
    "2.5_um_count": 3,
    "2.5_um_count_a": 3,
    "2.5_um_count_b": 3,
    "5.0_um_count": 0,
    "5.0_um_count_a": 0,
    "5.0_um_count_b": 0,
    "10.0_um_count": 0,
    "10.0_um_count_a": 0,
    "10.0_um_count_b": 0,
    "pm1.0_cf_1": 10.0,
    "pm1.0_cf_1_a": 10.71,
    "pm1.0_cf_1_b": 9.19,
    "pm1.0_atm": 10.0,
    "pm1.0_atm_a": 10.71,
    "pm1.0_atm_b": 9.19,
    "pm2.5_atm": 13.6,
    "pm2.5_atm_a": 13.97,
    "pm2.5_atm_b": 13.27,
    "pm2.5_cf_1": 13.6,
    "pm2.5_cf_1_a": 13.97,
    "pm2.5_cf_1_b": 13.27,
    "pm10.0_atm": 14.1,
    "pm10.0_atm_a": 14.41,
    "pm10.0_atm_b": 13.77,
    "pm10.0_cf_1": 14.1,
    "pm10.0_cf_1_a": 14.41,
    "pm10.0_cf_1_b": 13.77,
    "primary_id_a": 1784457,
    "primary_key_a": "PB81KISBP3EXW7K9",
    "primary_id_b": 1784459,
    "primary_key_b": "YZIRVQBCBJ133NTL",
    "secondary_id_a": 1784458,
    "secondary_key_a": "9LG3IVPJL6DTYT6P",
    "secondary_id_b": 1784460,
    "secondary_key_b": "0R1GJAA1UYAHT6R9",
    "stats": {
      "pm2.5": 13.6,
      "pm2.5_10minute": 14.0,
      "pm2.5_30minute": 13.6,
      "pm2.5_60minute": 12.8,
      "pm2.5_6hour": 9.6,
      "pm2.5_24hour": 4.6,
      "pm2.5_1week": 0.8,
      "time_stamp": 1657648196
    },
    "stats_a": {
      "pm2.5": 14.0,
      "pm2.5_10minute": 13.9,
      "pm2.5_30minute": 13.4,
      "pm2.5_60minute": 12.6,
      "pm2.5_6hour": 9.5,
      "pm2.5_24hour": 4.5,
      "pm2.5_1week": 0.8,
      "time_stamp": 1657648196
    },
    "stats_b": {
      "pm2.5": 13.3,
      "pm2.5_10minute": 14.2,
      "pm2.5_30minute": 13.7,
      "pm2.5_60minute": 12.9,
      "pm2.5_6hour": 9.7,
      "pm2.5_24hour": 4.6,
      "pm2.5_1week": 0.8,
      "time_stamp": 1657648196
    }
  }
}