{
  "api_version": "V1.0.11-0.0.27",
  "time_stamp": 1657656231,
  "data_time_stamp": 1657656227,
  "sensor": {
    "sensor_index": 151708,
    "last_modified": 1657649897,
    "date_created": 1656505783,
    "last_seen": 1657656136,
    "private": 0,
    "is_owner": 0,
    "name": "NH1",
    "icon": 0,
    "location_type": 0,
    "model": "PA-II-SD",
    "hardware": "2.0+OPENLOG+31037 MB+DS3231+BME280+BME680+PMSX003-B+PMSX003-A",
    "led_brightness": 35,
    "firmware_version": "7.00",
    "rssi": -73,
    "uptime": 1850,
    "pa_latency": 284,
    "memory": 15072,
    "position_rating": 5,
    "latitude": 43.192066,
    "longitude": -71.54151,
    "altitude": 288,
    "channel_state": 3,
    "channel_flags": 0,
    "channel_flags_manual": 0,
    "channel_flags_auto": 0,
    "confidence": 100,
    "confidence_auto": 100,
    "confidence_manual": 100,
    "humidity": 43,
    "humidity_a": 44,
    "humidity_b": 42,
    "temperature": 93,
    "temperature_a": 93,
    "temperature_b": 93,
    "pressure": 992.52,
    "pressure_a": 992.23,
    "pressure_b": 992.81,
    "voc": 26.5,
    "voc_b": 26.5,
    "analog_input": 0.0,
    "pm1.0": 9.0,
    "pm1.0_a": 9.2,
    "pm1.0_b": 8.8,
    "pm2.5": 18.4,
    "pm2.5_a": 18.4,
    "pm2.5_b": 18.3,
    "pm2.5_alt": 8.0,
    "pm2.5_alt_a": 8.2,
    "pm2.5_alt_b": 7.8,
    "pm10.0": 19.0,
    "pm10.0_a": 18.6,
    "pm10.0_b": 19.3,
    "0.3_um_count": 791,
    "0.3_um_count_a": 873,
    "0.3_um_count_b": 709,
    "0.5_um_count": 677,
    "0.5_um_count_a": 694,
    "0.5_um_count_b": 661,
    "1.0_um_count": 73,
    "1.0_um_count_a": 74,
    "1.0_um_count_b": 72,
    "2.5_um_count": 0,
    "2.5_um_count_a": 0,
    "2.5_um_count_b": 0,
    "5.0_um_count": 0,
    "5.0_um_count_a": 0,
    "5.0_um_count_b": 0,
    "10.0_um_count": 0,
    "10.0_um_count_a": 0,
    "10.0_um_count_b": 0,
    "pm1.0_cf_1": 9.0,
    "pm1.0_cf_1_a": 9.15,
    "pm1.0_cf_1_b": 8.85,
    "pm1.0_atm": 9.0,
    "pm1.0_atm_a": 9.15,
    "pm1.0_atm_b": 8.85,
    "pm2.5_atm": 18.4,
    "pm2.5_atm_a": 18.43,
    "pm2.5_atm_b": 18.3,
    "pm2.5_cf_1": 18.4,
    "pm2.5_cf_1_a": 18.43,
    "pm2.5_cf_1_b": 18.3,
    "pm10.0_atm": 19.0,
    "pm10.0_atm_a": 18.64,
    "pm10.0_atm_b": 19.28,
    "pm10.0_cf_1": 19.0,
    "pm10.0_cf_1_a": 18.64,
    "pm10.0_cf_1_b": 19.28,
    "primary_id_a": 1784473,
    "primary_key_a": "RECLPTF41NFVAGZS",
    "primary_id_b": 1784475,
    "primary_key_b": "F5P8XN29WYFV4N87",
    "secondary_id_a": 1784474,
    "secondary_key_a": "SX1Z89WJKRZTSAKK",
    "secondary_id_b": 1784476,
    "secondary_key_b": "7LDKL9Q9YP56VMU9",
    "stats": {
      "pm2.5": 18.4,
      "pm2.5_10minute": 17.8,
      "pm2.5_30minute": 16.3,
      "pm2.5_60minute": 14.4,
      "pm2.5_6hour": 8.5,
      "pm2.5_24hour": 3.8,
      "pm2.5_1week": 0.7,
      "time_stamp": 1657656136
    },
    "stats_a": {
      "pm2.5": 18.4,
      "pm2.5_10minute": 18.0,
      "pm2.5_30minute": 16.5,
      "pm2.5_60minute": 14.6,
      "pm2.5_6hour": 8.6,
      "pm2.5_24hour": 3.9,
      "pm2.5_1week": 0.7,
      "time_stamp": 1657656136
    },
    "stats_b": {
      "pm2.5": 18.3,
      "pm2.5_10minute": 17.7,
      "pm2.5_30minute": 16.1,
      "pm2.5_60minute": 14.2,
      "pm2.5_6hour": 8.4,
      "pm2.5_24hour": 3.8,
      "pm2.5_1week": 0.7,
      "time_stamp": 1657656136
    }
  }
}