time_stamp,Location,name,latitude,longitude,altitude,model,firmware_version,last_seen,
None,None,"12 Noyes Street, Concord, NH",43.192043,-71.54158,291,PA-II-SD,7.00,07-19-2022 12:05:32,None
None,None,Junder22,43.08963,-71.50244,619,PA-II,7.00,07-19-2022 12:07:47,None
None,None,NHDES_katerr,43.11861,-71.61618,885,PA-II-SD,7.00,07-19-2022 12:05:47,None
None,None,"12 Noyes Street, Concord, NH",43.19211,-71.54146,286,PA-II-SD,7.00,07-19-2022 12:07:02,None
None,None,NH7,43.565853,-71.49613,708,PA-II-SD,7.00,07-19-2022 12:06:20,None
None,None,NHDES Max,43.289764,-71.56426,370,PA-II-SD,7.00,07-19-2022 12:06:13,None
None,None,NH2,43.132477,-71.458374,230,PA-II-SD,7.00,07-19-2022 12:06:59,None
None,None,MChase_ParkPl,43.00408,-71.17704,194,PA-II-SD,7.00,07-19-2022 12:07:12,None
None,None,KSC 04,42.93053,-72.27235,476,PA-II,7.00,07-19-2022 12:06:44,None
None,None,KSC 15,42.899563,-71.46465,301,PA-II,7.00,07-19-2022 12:06:22,None
