time_stamp,Location,name,latitude,longitude,altitude,model,firmware_version,last_seen,humidity,channel a,pm2.5_10,pm2.5_60,pm2.5_24,pm2.5_10,pm2.5_60,pm2.5_24
07-20-2022 08:46:39,Concord,"12 Noyes Street, Concord, NH",43.192043,-71.54158,291,PA-II-SD,7.00,07-20-2022 08:45:40,59,None,None,None,None,None,None,None
07-20-2022 08:46:40,Bow,Junder22,43.08963,-71.50244,619,PA-II,7.00,07-20-2022 08:46:00,60,None,None,None,None,None,None,None
07-20-2022 08:46:41,Dunbarton,NHDES_katerr,43.11861,-71.61618,885,PA-II-SD,7.00,07-20-2022 08:45:02,None,None,None,None,None,None,None,None
07-20-2022 08:46:42,Concord,"12 Noyes Street, Concord, NH",43.19211,-71.54146,286,PA-II-SD,7.00,07-20-2022 08:45:10,58,None,None,None,None,None,None,None
07-20-2022 08:46:43,Laconia,NH7,43.565853,-71.49613,708,PA-II-SD,7.00,07-20-2022 08:44:31,52,None,None,None,None,None,None,None
07-20-2022 08:46:44,Concord,NHDES Max,43.289764,-71.56426,370,PA-II-SD,7.00,07-20-2022 08:44:23,62,None,None,None,None,None,None,None
