{
  "api_version": "V1.0.11-0.0.28",
  "time_stamp": 1657900791,
  "data_time_stamp": 1657900765,
  "sensor": {
    "sensor_index": 151712,
    "last_modified": 1656892678,
    "date_created": 1656505804,
    "last_seen": 1657900656,
    "private": 0,
    "is_owner": 0,
    "name": "NHDES Max",
    "icon": 0,
    "location_type": 0,
    "model": "PA-II-SD",
    "hardware": "2.0+OPENLOG+15476 MB+DS3231+BME280+PMSX003-B+PMSX003-A",
    "led_brightness": 35,
    "firmware_version": "7.00",
    "rssi": -61,
    "uptime": 4000,
    "pa_latency": 272,
    "memory": 15552,
    "position_rating": 5,
    "latitude": 43.289764,
    "longitude": -71.56426,
    "altitude": 370,
    "channel_state": 3,
    "channel_flags": 0,
    "channel_flags_manual": 0,
    "channel_flags_auto": 0,
    "confidence": 100,
    "confidence_auto": 100,
    "confidence_manual": 100,
    "humidity": 31,
    "humidity_a": 31,
    "temperature": 85,
    "temperature_a": 85,
    "pressure": 1007.11,
    "pressure_a": 1007.11,
    "analog_input": 0.02,
    "pm1.0": 1.3,
    "pm1.0_a": 1.4,
    "pm1.0_b": 1.2,
    "pm2.5": 2.4,
    "pm2.5_a": 2.6,
    "pm2.5_b": 2.2,
    "pm2.5_alt": 2.6,
    "pm2.5_alt_a": 2.6,
    "pm2.5_alt_b": 2.7,
    "pm10.0": 2.7,
    "pm10.0_a": 2.7,
    "pm10.0_b": 2.8,
    "scattering_coefficient": 9.0,
    "scattering_coefficient_a": 8.8,
    "scattering_coefficient_b": 9.1,
    "deciviews": 7.3,
    "deciviews_a": 7.2,
    "deciviews_b": 7.4,
    "visual_range": 187.8,
    "visual_range_a": 189.3,
    "visual_range_b": 186.4,
    "0.3_um_count": 598,
    "0.3_um_count_a": 589,
    "0.3_um_count_b": 607,
    "0.5_um_count": 169,
    "0.5_um_count_a": 164,
    "0.5_um_count_b": 174,
    "1.0_um_count": 24,
    "1.0_um_count_a": 24,
    "1.0_um_count_b": 25,
    "2.5_um_count": 1,
    "2.5_um_count_a": 1,
    "2.5_um_count_b": 2,
    "5.0_um_count": 0,
    "5.0_um_count_a": 0,
    "5.0_um_count_b": 0,
    "10.0_um_count": 0,
    "10.0_um_count_a": 0,
    "10.0_um_count_b": 0,
    "pm1.0_cf_1": 1.3,
    "pm1.0_cf_1_a": 1.38,
    "pm1.0_cf_1_b": 1.21,
    "pm1.0_atm": 1.3,
    "pm1.0_atm_a": 1.38,
    "pm1.0_atm_b": 1.21,
    "pm2.5_atm": 2.4,
    "pm2.5_atm_a": 2.55,
    "pm2.5_atm_b": 2.2,
    "pm2.5_cf_1": 2.4,
    "pm2.5_cf_1_a": 2.55,
    "pm2.5_cf_1_b": 2.2,
    "pm10.0_atm": 2.7,
    "pm10.0_atm_a": 2.72,
    "pm10.0_atm_b": 2.75,
    "pm10.0_cf_1": 2.7,
    "pm10.0_cf_1_a": 2.72,
    "pm10.0_cf_1_b": 2.75,
    "primary_id_a": 1784481,
    "primary_key_a": "6BSH30AMW7EFIL35",
    "primary_id_b": 1784483,
    "primary_key_b": "M7CUQGSSW26NREYG",
    "secondary_id_a": 1784482,
    "secondary_key_a": "TE761N0Z9DJJRQI6",
    "secondary_id_b": 1784484,
    "secondary_key_b": "CHDQJH0M1APEWJ5B",
    "stats": {
      "pm2.5": 2.4,
      "pm2.5_10minute": 2.6,
      "pm2.5_30minute": 3.2,
      "pm2.5_60minute": 4.4,
      "pm2.5_6hour": 7.4,
      "pm2.5_24hour": 8.6,
      "pm2.5_1week": 4.3,
      "time_stamp": 1657900656
    },
    "stats_a": {
      "pm2.5": 2.6,
      "pm2.5_10minute": 2.8,
      "pm2.5_30minute": 3.4,
      "pm2.5_60minute": 4.5,
      "pm2.5_6hour": 7.5,
      "pm2.5_24hour": 8.8,
      "pm2.5_1week": 4.4,
      "time_stamp": 1657900656
    },
    "stats_b": {
      "pm2.5": 2.2,
      "pm2.5_10minute": 2.5,
      "pm2.5_30minute": 3.1,
      "pm2.5_60minute": 4.3,
      "pm2.5_6hour": 7.2,
      "pm2.5_24hour": 8.4,
      "pm2.5_1week": 4.2,
      "time_stamp": 1657900656
    }
  }
}